slug,name,date,location,season,percent_through,n_performances
2013-midcal-champions-showcase,MidCal Champions Showcase,2013-06-21T04:00:00.000Z,"Clovis, CA",2013,3.8462,9
2013-corps-at-the-crest-san-diego,Corps at the Crest San Diego,2013-06-28T04:00:00.000Z,"Oceanside, CA",2013,17.3077,6
2013-corps-at-the-crest-walnut,Corps at the Crest Walnut,2013-06-29T04:00:00.000Z,"Walnut, CA",2013,19.2308,7
2013-western-corps-connection,Western Corps Connection,2013-06-30T04:00:00.000Z,"Riverside, CA",2013,21.1538,7
2013-the-beanpot-invitational,The Beanpot Invitational,2013-07-05T04:00:00.000Z,"Lynn, MA",2013,30.7692,7
2013-the-whitewater-classic,The Whitewater Classic,2013-07-05T04:00:00.000Z,"Whitewater, WI",2013,30.7692,8
2013-dci-capitol-classic-corps-show,DCI Capitol Classic Corps Show,2013-07-06T04:00:00.000Z,"Sacramento, CA",2013,32.6923,6
2013-drum-corps-an-american-tradition-3,Drum Corps: An American Tradition,2013-07-06T04:00:00.000Z,"Chester, PA",2013,32.6923,7
2013-drums-along-the-rockies,Drums Along the Rockies,2013-07-06T04:00:00.000Z,"Denver, CO",2013,32.6923,8
2013-pageant-of-drums,Pageant of Drums,2013-07-06T04:00:00.000Z,"Michigan City, IN",2013,32.6923,7
2013-cavalcade-of-brass,Cavalcade of Brass,2013-07-07T04:00:00.000Z,"Lisle, IL",2013,34.6154,7
2013-drum-corps-an-american-tradition-2,Drum Corps: An American Tradition,2013-07-07T04:00:00.000Z,"Chambersburg, PA",2013,34.6154,5
2013-loudest-show-on-earth,Loudest Show on Earth,2013-07-07T04:00:00.000Z,"Pleasant Hill, CA",2013,34.6154,6
2013-drums-across-nebraska,Drums Across Nebraska,2013-07-08T04:00:00.000Z,"Omaha, NE",2013,36.5385,7
2013-celebration-in-brass,Celebration in Brass,2013-07-10T04:00:00.000Z,"Waukee, IA",2013,40.3846,7
2013-percussion-on-the-pearl,Percussion on the Pearl,2013-07-11T04:00:00.000Z,"Muscatine, IA",2013,42.3077,7
2013-tour-of-champions-central-missouri,Tour of Champions - Central Missouri,2013-07-11T04:00:00.000Z,"Warrensburg, MO",2013,42.3077,7
2013-music-on-the-march,Music on the March,2013-07-12T04:00:00.000Z,"Dubuque, IA",2013,44.2308,8
2013-river-city-rhapsody-la-crosse-wi,River City Rhapsody - La Crosse WI,2013-07-12T04:00:00.000Z,"La Crosse, WI",2013,44.2308,7
2013-dci-minnesota,DCI Minnesota,2013-07-13T04:00:00.000Z,"Minneapolis, MN",2013,46.1538,20
2013-laguna-hills,Laguna Hills,2013-07-13T04:00:00.000Z,"Laguna Hills, CA",2013,46.1538,8
2013-so-cal-classic-open-class-championships,So Cal Classic Open Class Championships,2013-07-14T21:30:00.000Z,"Bellflower, CA",2013,50,8
2013-tour-of-champions-northern-illinois,Tour of Champions - Northern Illinois,2013-07-14T23:30:00.000Z,"DeKalb, IL",2013,50,7
2013-brass-impact,Brass Impact,2013-07-15T04:00:00.000Z,"Olathe, KS",2013,50,7
2013-dci-st-louis,DCI St. Louis,2013-07-15T04:00:00.000Z,"Lebanon, IL",2013,50,8
2013-drums-across-kansas,Drums Across Kansas,2013-07-16T04:00:00.000Z,"Wichita, KS",2013,51.9231,6
2013-music-on-the-move,Music on the Move,2013-07-16T04:00:00.000Z,"Bentonville, AR",2013,51.9231,8
2013-drums-of-summer,Drums of Summer,2013-07-17T04:00:00.000Z,"Broken Arrow, OK",2013,53.8462,10
2013-dci-north-dallas-presented-by-coserv-electric-for-red-river-thunder,DCI North Dallas Presented by CoServ Electric for Red River Thunder,2013-07-18T04:00:00.000Z,"Denton, TX",2013,55.7692,11
2013-dci-houston-presented-by-the-exsightment-of-sound,DCI Houston presented by THE exSIGHTment OF SOUND,2013-07-19T04:00:00.000Z,"Houston, TX",2013,57.6923,9
2013-dci-southwestern-championships-the-alamodome,DCI Southwestern Championships @ the Alamodome,2013-07-20T04:00:00.000Z,"San Antonio, TX",2013,59.6154,22
2013-tour-of-championships-texas,Tour of Championships - Texas,2013-07-21T04:00:00.000Z,"Round Rock, TX",2013,61.5385,7
2013-drums-across-cajun-field,Drums Across Cajun Field,2013-07-22T04:00:00.000Z,"Lafayette, LA",2013,63.4615,8
2013-dci-dallas-presented-by-north-texas-festival-of-drums-and-bugles,DCI Dallas presented by North Texas Festival of Drums and Bugles,2013-07-23T04:00:00.000Z,"Dallas, TX",2013,65.3846,6
2013-dci-in-the-heartland,DCI in the Heartland,2013-07-23T04:00:00.000Z,"Mustang, OK",2013,65.3846,8
2013-mississippi-sound-spectacular,Mississippi Sound Spectacular,2013-07-23T04:00:00.000Z,"Ocean Springs, MS",2013,65.3846,8
2013-dci-arkansas,DCI Arkansas,2013-07-24T04:00:00.000Z,"Little Rock, AR",2013,67.3077,8
2013-dci-southern-mississippi,DCI Southern Mississippi,2013-07-24T04:00:00.000Z,"Hattiesburg, MS",2013,67.3077,8
2013-alabama-sounds-of-summer,Alabama Sounds of Summer,2013-07-25T04:00:00.000Z,"Opelika, AL",2013,69.2308,6
2013-the-masters-of-the-summer-music-games,The Masters of the Summer Music Games,2013-07-26T04:00:00.000Z,"Murfreesboro, TN",2013,71.1538,8
2013-dci-north-alabama,DCI North Alabama,2013-07-27T04:00:00.000Z,"Huntsville, AL",2013,73.0769,15
2013-legends-drum-corps-open,Legends Drum Corps Open,2013-07-27T04:00:00.000Z,"Kalamazoo, MI",2013,73.0769,8
2013-nightbeat,NightBEAT,2013-07-27T04:00:00.000Z,"Charlotte, NC",2013,73.0769,7
2013-dci-atlanta-southeastern-championship,DCI Atlanta Southeastern Championship,2013-07-28T04:00:00.000Z,"Atlanta, GA",2013,75,22
2013-rhythm-across-rice-lake,Rhythm Across Rice Lake,2013-07-29T04:00:00.000Z,"Rice Lake, WI",2013,76.9231,7
2013-the-music-man-s-festival-of-brass,The Music Man’s Festival of Brass,2013-07-30T00:00:00.000Z,"Mason City, IA",2013,78.8462,9
2013-drums-across-the-tri-state,Drums Across the Tri-State,2013-07-30T04:00:00.000Z,"Charleston, WV",2013,78.8462,6
2013-emerald-city-music-games,Emerald City Music Games,2013-07-30T04:00:00.000Z,"Dublin, OH",2013,78.8462,8
2013-the-music-mans-festival-of-brass,The Music Man's Festival of Brass,2013-07-30T04:00:00.000Z,"Mason City, IA",2013,78.8462,8
2013-wdbj-7-summer-music-games-of-southwest-virginia,WDBJ-7 Summer Music Games of Southwest Virginia,2013-07-30T04:00:00.000Z,"Salem, VA",2013,78.8462,8
2013-drum-corps-an-american-tradition,Drum Corps: An American Tradition,2013-07-31T04:00:00.000Z,"West Chester, PA",2013,80.7692,6
2013-drums-in-northern-virginia,Drums in Northern Virginia,2013-07-31T04:00:00.000Z,"Warrenton, VA",2013,80.7692,8
2013-lake-erie-fanfare,Lake Erie Fanfare,2013-07-31T04:00:00.000Z,"Erie, PA",2013,80.7692,8
2013-music-to-the-core,Music to the Core,2013-07-31T04:00:00.000Z,"Spring Valley, IL",2013,80.7692,7
2013-drums-along-the-mohawk,Drums Along the Mohawk,2013-08-01T04:00:00.000Z,"Rome, NY",2013,82.6923,7
2013-east-coast-classic,East Coast Classic,2013-08-01T04:00:00.000Z,"Lawrence, MA",2013,82.6923,4
2013-four-flags-spectacular,Four Flags Spectacular,2013-08-01T04:00:00.000Z,"Niles, MI",2013,82.6923,7
2013-a-blast-in-the-burg,A Blast in the Burg,2013-08-02T04:00:00.000Z,"Johnsonburg, PA",2013,84.6154,6
2013-dci-eastern-classic-2,DCI Eastern Classic,2013-08-02T04:00:00.000Z,"Allentown, PA",2013,84.6154,10
2013-dci-eastern-classic,DCI Eastern Classic,2013-08-03T04:00:00.000Z,"Allentown, PA",2013,86.5385,11
2013-shoremen-brass-classic,Shoremen Brass Classic,2013-08-03T04:00:00.000Z,"Avon Lake, OH",2013,86.5385,11
2013-three-rivers-summer-music-games,Three Rivers SUMMER MUSIC GAMES,2013-08-04T04:00:00.000Z,"Pittsburgh, PA",2013,88.4615,7
2013-tour-of-champions,Tour of Champions,2013-08-04T04:00:00.000Z,"Allentown, PA",2013,88.4615,7
2013-dci-world-championships-open-class-championship-prelims,DCI World Championships Open Class Championship Prelims,2013-08-05T04:00:00.000Z,"Michigan City, IN",2013,90.3846,13
2013-soaring-sounds-34,Soaring Sounds - 34,2013-08-05T04:00:00.000Z,"Centerville, OH",2013,90.3846,8
2013-tour-of-champions-buffalo,Tour of Champions - Buffalo,2013-08-05T04:00:00.000Z,"Buffalo, NY",2013,90.3846,7
2013-dci-championships-open-class-championship-finals,DCI Championships Open Class Championship Finals,2013-08-06T04:00:00.000Z,"Michigan City, IN",2013,92.3077,12
2013-pro-football-hall-of-fame-enshrinement-festival-drum-corps-competition,Pro Football Hall of Fame Enshrinement Festival Drum Corps Competition,2013-08-06T04:00:00.000Z,"Massillon, OH",2013,92.3077,8
2013-dci-world-championships-prelims,DCI World Championships Prelims,2013-08-08T14:00:00.000Z,"Indianapolis, IN",2013,96.1538,33
2013-dci-world-championships-semifinals,DCI World Championships Semifinals,2013-08-09T04:00:00.000Z,"Indianapolis, IN",2013,98.0769,24
2013-dci-world-championship-finals,DCI World Championship Finals,2013-08-10T04:00:00.000Z,"Indianapolis, IN",2013,100,12
2014-midcal-champions-showcase,MidCal Champions Showcase ,2014-06-20T23:00:00.000Z,"Clovis, CA",2014,3.8462,10
2014-dci-west,DCI West ,2014-06-21T13:00:00.000Z,"Stanford, CA",2014,5.7692,9
2014-innovations-in-brass-akron-the-2014-dci-tour-premiere,"Innovations in Brass: Akron, The 2014 DCI Tour Premiere ",2014-06-21T13:00:00.000Z,"Akron, OH",2014,5.7692,7
2014-moonlight-classic,Moonlight Classic ,2014-06-22T22:30:00.000Z,Scaramento CA,2014,7.6923,9
2014-corps-at-the-crest-san-diego,Corps at the Crest San Diego ,2014-06-27T13:00:00.000Z,"Oceanside, CA",2014,17.3077,12
2014-corps-at-the-crest-los-angeles,Corps at the Crest Los Angeles ,2014-06-28T13:00:00.000Z,"Glendora, CA",2014,19.2308,13
2014-drums-on-parade,Drums on Parade ,2014-06-28T13:00:00.000Z,"Madison, WI",2014,19.2308,9
2014-western-corps-connection,Western Corps Connection,2014-06-29T23:00:00.000Z,"Riverside, CA",2014,21.1538,13
2014-pageant-of-drums,Pageant of Drums,2014-07-05T13:00:00.000Z,"Michigan City, IN",2014,32.6923,7
2014-the-beanpot-invitational,The Beanpot Invitational,2014-07-05T13:00:00.000Z,"Lynn, MA",2014,32.6923,7
2014-the-whitewater-classic,The Whitewater Classic,2014-07-05T13:00:00.000Z,"Whitewater, WI",2014,32.6923,6
2014-cavalcade-of-brass,Cavalcade of Brass,2014-07-06T13:00:00.000Z,"Lisle, IL",2014,34.6154,7
2014-drum-corps-an-american-tradition-2,Drum Corps: An American Tradition,2014-07-06T13:00:00.000Z,"Chester, PA",2014,34.6154,5
2014-dci-ft-wayne,DCI Ft. Wayne,2014-07-08T13:00:00.000Z,"Ft. Wayne, IN",2014,38.4615,8
2014-music-on-the-march,Music On The March,2014-07-08T13:00:00.000Z,"Dubuque, IA",2014,38.4615,9
2014-show-of-shows,Show of Shows,2014-07-09T13:00:00.000Z,"Metamora, IL",2014,40.3846,8
2014-music-on-the-border,Music on the Border,2014-07-10T13:00:00.000Z,"Salem, WI",2014,42.3077,7
2014-dci-eden-prairie,DCI Eden Prairie,2014-07-11T13:00:00.000Z,"Eden Prairie,  MN",2014,44.2308,6
2014-dci-la-crosse,DCI La Crosse,2014-07-12T13:00:00.000Z,"La Crosse, WI",2014,46.1538,14
2014-drums-along-the-rockies,Drums Along the Rockies,2014-07-12T13:00:00.000Z,"Denver, CO",2014,46.1538,10
2014-gold-showcase-at-the-ranch,Gold Showcase at the Ranch,2014-07-12T13:00:00.000Z,"Vista, CA",2014,46.1538,9
2014-percussion-on-the-pearl,Percussion on the Pearl,2014-07-13T13:00:00.000Z,"Muscatine, IA",2014,48.0769,7
2014-so-cal-classic-open-class-championship,So Cal Classic Open Class Championship,2014-07-13T13:00:00.000Z,"Cerritos, CA",2014,48.0769,9
2014-tour-of-champions-northern-illinois,Tour of Champions - Northern Illinois,2014-07-13T13:00:00.000Z,"DeKalb, IL",2014,48.0769,7
2014-dci-st-louis,DCI St. Louis,2014-07-14T13:00:00.000Z,"Lebanon, IL",2014,50,7
2014-drums-across-nebraska,Drums Across Nebraska,2014-07-14T13:00:00.000Z,"Omaha, NE",2014,50,7
2014-tour-of-champions-central-missouri,Tour of Champions - Central Missouri,2014-07-14T13:00:00.000Z,"Warrensburg, MO",2014,50,7
2014-drums-across-kansas,Drums Across Kansas,2014-07-15T13:00:00.000Z,"Wichita, KS",2014,51.9231,7
2014-music-on-the-move,Music on the Move,2014-07-15T13:00:00.000Z,"Bentonville, AR",2014,51.9231,9
2014-drums-of-summer,Drums of Summer,2014-07-16T13:00:00.000Z,"Broken Arrow, OK",2014,53.8462,10
2014-dci-denton-presented-by-coserv-electric-for-red-river-thunder,DCI Denton presented by CoServ Electric for Red River Thunder,2014-07-17T13:00:00.000Z,"Denton, TX",2014,55.7692,11
2014-tour-of-champions-texas-presented-by-the-exsightment-of-sound,"Tour of Champions - Texas, presented by THE exSIGHTment OF SOUND",2014-07-18T13:00:00.000Z,"Houston, TX",2014,57.6923,7
2014-dci-southwestern-championship-the-alamodome,DCI  Southwestern Championship @ The Alamodome,2014-07-19T13:00:00.000Z,"San Antonio, TX",2014,59.6154,24
2014-dci-dallas-presented-by-north-texas-festival-of-drums-and-bugles,DCI Dallas presented by North Texas Festival of Drums and Bugles,2014-07-21T13:00:00.000Z,"Dallas, TX",2014,63.4615,10
2014-drums-across-cajun-field,Drums Across Cajun Field,2014-07-21T13:00:00.000Z,"Lafayette, LA",2014,63.4615,10
2014-dci-in-the-heartland,DCI in the Heartland,2014-07-22T13:00:00.000Z,"Mustang, OK",2014,65.3846,8
2014-mississippi-sound-spectacular,Mississippi Sound Spectacular,2014-07-22T13:00:00.000Z,"Ocean Springs, MS",2014,65.3846,7
2014-dci-arkansas,DCI Arkansas,2014-07-23T13:00:00.000Z,"Little Rock, AR",2014,67.3077,9
2014-dci-southern-mississippi,DCI Southern Mississippi,2014-07-23T13:00:00.000Z,"Hattiesburg, MS",2014,67.3077,7
2014-dci-north-alabama,DCI North Alabama,2014-07-25T13:00:00.000Z,"Huntsville, AL",2014,71.1538,12
2014-the-masters-of-the-summer-music-games,The Masters of the Summer Music Games,2014-07-25T13:00:00.000Z,"Nashville, TN",2014,71.1538,9
2014-dci-atlanta-southeastern-championship,DCI Atlanta Southeastern Championship,2014-07-26T13:00:00.000Z,"Atlanta, GA",2014,73.0769,22
2014-legends-drum-corps-open,Legends Drum Corps Open,2014-07-26T13:00:00.000Z,Paw Paw MI,2014,73.0769,7
2014-greendale-drum-corps-show,Greendale Drum Corps Show,2014-07-27T13:00:00.000Z,"Greendale, WI",2014,75,5
2014-nightbeat-tour-of-champions,NightBEAT Tour of Champions,2014-07-27T13:00:00.000Z,"Charlotte, NC",2014,75,7
2014-drums-across-the-tri-state,Drums Across the Tri-State,2014-07-28T13:00:00.000Z,"Charleston, WV",2014,76.9231,7
2014-emerald-city-music-games,Emerald City Music Games,2014-07-28T13:00:00.000Z,"Dublin, OH",2014,76.9231,8
2014-rhythm-across-rice-lake,Rhythm Across Rice Lake,2014-07-28T13:00:00.000Z,"Rice Lake, WI",2014,76.9231,5
2014-lake-erie-fanfare,Lake Erie Fanfare,2014-07-29T13:00:00.000Z,"Erie, PA",2014,78.8462,9
2014-legends-drum-corps-invitational,Legends Drum Corps Invitational,2014-07-29T13:00:00.000Z,"Troy, MI",2014,78.8462,6
2014-wdbj-7-summer-music-games-of-southwest-virginia,WDBJ-7 Summer Music Games of Southwest Virginia,2014-07-29T13:00:00.000Z,"Salem, VA",2014,78.8462,7
2014-a-knight-of-music-and-motion,A Knight of Music and Motion,2014-07-30T13:00:00.000Z,"St. Paul, MN",2014,80.7692,7
2014-drum-corps-an-american-tradition,Drum Corps: An American Tradition,2014-07-30T13:00:00.000Z,"West Chester, PA",2014,80.7692,9
2014-cyo-nationals-tribute,CYO NATIONALS Tribute,2014-07-31T13:00:00.000Z,"Quincy, MA",2014,82.6923,5
2014-tour-of-champions-rutgers,Tour of Champions - Rutgers,2014-07-31T13:00:00.000Z,"Piscataway, NJ",2014,82.6923,7
2014-dci-eastern-classic-2,DCI Eastern Classic,2014-08-01T13:00:00.000Z,"Allentown, PA",2014,84.6154,11
2014-north-iowa-festival-of-brass,North Iowa Festival of Brass,2014-08-01T13:00:00.000Z,"Forest City, IA",2014,84.6154,7
2014-dci-eastern-classic,DCI Eastern Classic,2014-08-02T13:00:00.000Z,"Allentown, PA",2014,86.5385,11
2014-shoremen-brass-classic,Shoremen Brass Classic,2014-08-02T13:00:00.000Z,"Avon Lake, OH",2014,86.5385,7
2014-dci-pittsburgh-presented-by-three-rivers-summer-music-games,'DCI Pittsburgh presented by Three Rivers SUMMER MUSIC GAMES,2014-08-03T13:00:00.000Z,"Pittsburgh, PA",2014,88.4615,8
2014-tour-of-champions-buffalo,Tour of Champions - Buffalo,2014-08-03T13:00:00.000Z,"Buffalo, NY",2014,88.4615,7
2014-dci-tour-of-champions-presented-by-the-pro-football-hall-of-fame,"DCI Tour of Champions, presented by the Pro Football Hall of Fame ",2014-08-04T13:00:00.000Z,"Massillon, OH",2014,90.3846,7
2014-dci-world-championships-open-class-championship-prelims,DCI World Championships Open Class Championship Prelims,2014-08-04T13:00:00.000Z,"Michigan City, IN",2014,90.3846,14
2014-soaring-sounds-35,Soaring Sounds 35,2014-08-04T13:00:00.000Z,"Centerville, OH",2014,90.3846,9
2014-dci-world-championships-open-class-championship-finals,DCI World Championships Open Class Championship Finals,2014-08-05T13:00:00.000Z,"Michigan City, IN",2014,92.3077,12
2014-dci-championships-prelims,DCI Championships (Prelims),2014-08-07T13:00:00.000Z,"Indianapolis, IN",2014,96.1538,36
2014-dci-world-championship-semifinals,DCI World Championship Semifinals,2014-08-08T13:00:00.000Z,"Indianapolis, IN",2014,98.0769,24
2014-dci-world-championships-world-class-finals,DCI World Championships World Class Finals,2014-08-09T13:00:00.000Z,"Indianapolis, IN",2014,100,12
2015-dci-tour-premiere,DCI Tour Premiere,2015-06-18T00:30:00.000Z,"Indianapolis, IN",2015,0,6
2015-midcal-champions-showcase,MidCal Champions Showcase,2015-06-19T13:00:00.000Z,"Clovis, CA",2015,3.8462,10
2015-dci-west,DCI West,2015-06-20T13:00:00.000Z,"Stanford, CA",2015,5.7692,10
2015-innovations-in-brass-akron,Innovations in Brass: Akron,2015-06-20T13:00:00.000Z,"Akron, OH",2015,5.7692,7
2015-moonlight-classic,Moonlight Classic,2015-06-21T13:00:00.000Z,"Sacramento, CA",2015,7.6923,10
2015-corps-at-the-crest-san-diego,Corps at the Crest San Diego,2015-06-26T13:00:00.000Z,"Oceanside, CA",2015,17.3077,11
2015-corps-at-the-crest-los-angeles-presented-by-pacific-crest-youth-arts-organization,Corps at the Crest Los Angeles presented by Pacific Crest Youth Arts Organization,2015-06-27T13:00:00.000Z,"Pasadena, CA",2015,19.2308,12
2015-western-corps-connection,Western Corps Connection,2015-06-28T13:00:00.000Z,"Riverside, CA",2015,21.1538,12
2015-east-coast-classic,East Coast Classic,2015-07-02T13:00:00.000Z,"Foxboro, MA",2015,28.8462,9
2015-drum-corps-an-american-tradition-2,Drum Corps: An American Tradition,2015-07-05T13:00:00.000Z,"Clifton, NJ",2015,34.6154,8
2015-the-whitewater-classic,The Whitewater Classic,2015-07-05T13:00:00.000Z,"Whitewater, WI",2015,34.6154,13
2015-music-on-the-march,Music On The March,2015-07-07T13:00:00.000Z,"Dubuque, IA",2015,38.4615,7
2015-dci-ft-wayne,DCI Ft. Wayne,2015-07-08T13:00:00.000Z,"Ft. Wayne, IN",2015,40.3846,6
2015-river-city-rhapsody-la-crosse,River City Rhapsody - La Crosse,2015-07-09T13:00:00.000Z,"La Crosse, WI",2015,42.3077,7
2015-resound,Resound,2015-07-10T13:00:00.000Z,"Bakersfield, CA",2015,44.2308,8
2015-dci-minnesota,DCI Minnesota,2015-07-11T13:00:00.000Z,"Minneapolis, MN",2015,46.1538,18
2015-drums-along-the-rockies,Drums Along the Rockies,2015-07-11T13:00:00.000Z,"Denver, CO",2015,46.1538,10
2015-gold-showcase-at-the-ranch,Gold Showcase at the Ranch,2015-07-11T13:00:00.000Z,"San Marcos, CA",2015,46.1538,9
2015-percussion-on-the-pearl,Percussion on the Pearl,2015-07-12T13:00:00.000Z,"Muscatine, IA",2015,48.0769,9
2015-so-cal-classic-open-class-championship,So Cal Classic Open Class Championship,2015-07-12T13:00:00.000Z,"Bellflower, CA",2015,48.0769,9
2015-tour-of-champions-northern-illinois,Tour of Champions - Northern Illinois,2015-07-12T13:00:00.000Z,"DeKalb, IL",2015,48.0769,7
2015-drums-across-nebraska,Drums Across Nebraska,2015-07-13T13:00:00.000Z,"Freemont, NE",2015,50,7
2015-tour-of-champions-central-missouri,Tour of Champions - Central Missouri,2015-07-13T13:00:00.000Z,"Warrensburg, MO",2015,50,7
2015-march-of-champions-presented-by-drums-across-kansas,March of Champions presented by Drums Across Kansas,2015-07-14T13:00:00.000Z,"Great Bend, KS",2015,51.9231,7
2015-music-on-the-move,Music on the Move,2015-07-14T13:00:00.000Z,"Bentonville, AR",2015,51.9231,10
2015-dci-in-the-heartland,DCI in the Heartland,2015-07-15T13:00:00.000Z,"Mustang, OK",2015,53.8462,10
2015-dci-central-texas-presented-by-band-shoppe,DCI Central Texas presented by Band Shoppe,2015-07-16T13:00:00.000Z,"Belton, TX",2015,55.7692,12
2015-dci-denton-presented-by-the-cavaliers-for-red-river-thunder,DCI Denton presented by The Cavaliers for Red River Thunder,2015-07-16T13:00:00.000Z,"Denton, TX",2015,55.7692,11
2015-tour-of-champions-texas-presented-by-the-exsightment-of-sound,"Tour of Champions - Texas, presented by THE exSIGHTment OF SOUND",2015-07-17T13:00:00.000Z,"Houston, TX",2015,57.6923,8
2015-dci-southwestern-championship-presented-by-fred-j-miller-inc,"DCI  Southwestern Championship presented by Fred J. Miller, Inc.",2015-07-18T13:00:00.000Z,"San Antonio, TX",2015,59.6154,24
2015-dci-dallas-presented-by-north-texas-festival-of-drums-and-bugles,DCI Dallas presented by North Texas Festival of Drums and Bugles,2015-07-20T13:00:00.000Z,"Dallas, TX",2015,63.4615,10
2015-drums-across-cajun-field,Drums Across Cajun Field,2015-07-20T13:00:00.000Z,"Lafayette, LA",2015,63.4615,9
2015-drums-of-summer,Drums of Summer,2015-07-21T13:00:00.000Z,"Broken Arrow, OK",2015,65.3846,9
2015-mississippi-sound-spectacular,Mississippi Sound Spectacular,2015-07-21T13:00:00.000Z,"Ocean Springs, MS",2015,65.3846,8
2015-dci-arkansas,DCI Arkansas,2015-07-22T13:00:00.000Z,"Little Rock, AR",2015,67.3077,9
2015-dci-southern-mississippi,DCI Southern Mississippi,2015-07-22T13:00:00.000Z,"Hattiesburg, MS",2015,67.3077,9
2015-dci-north-alabama,DCI North Alabama,2015-07-23T13:00:00.000Z,"Huntsville, AL",2015,69.2308,10
2015-alabama-sounds-of-summer,Alabama Sounds of Summer,2015-07-24T13:00:00.000Z,"Opelika, AL",2015,71.1538,8
2015-petunia-city-brass,Petunia City Brass,2015-07-24T13:00:00.000Z,"Dixon, IL",2015,71.1538,4
2015-the-masters-of-the-summer-music-games,The Masters of the Summer Music Games,2015-07-24T13:00:00.000Z,"Murfreesboro, TN",2015,71.1538,9
2015-dci-atlanta-southeastern-championship,DCI Atlanta Southeastern Championship,2015-07-25T13:00:00.000Z,"Atlanta, GA",2015,73.0769,22
2015-hamilton-drum-corps-classic,Hamilton Drum Corps Classic,2015-07-25T13:00:00.000Z,"Hamilton, OH",2015,73.0769,6
2015-shadow-showcase,Shadow Showcase,2015-07-25T13:00:00.000Z,"Oregon, WI",2015,73.0769,4
2015-nightbeat-tour-of-champions,NightBEAT Tour of Champions,2015-07-26T13:00:00.000Z,"Winston-Salem, NC",2015,75,7
2015-drums-across-the-tri-state,Drums Across the Tri-State,2015-07-27T13:00:00.000Z,"Charleston, WV",2015,76.9231,6
2015-emerald-city-music-games,Emerald City Music Games,2015-07-27T13:00:00.000Z,"Dublin, OH",2015,76.9231,7
2015-show-of-shows,Show of Shows,2015-07-27T13:00:00.000Z,"Waukesha, WI",2015,76.9231,7
2015-tournament-of-drums,Tournament Of Drums,2015-07-27T13:00:00.000Z,"Cedar Rapids, IA",2015,76.9231,5
2015-lake-erie-fanfare,Lake Erie Fanfare,2015-07-28T13:00:00.000Z,"Erie, PA",2015,78.8462,8
2015-legends-drum-corps-open,Legends Drum Corps Open,2015-07-28T13:00:00.000Z,"Kalamazoo, MI",2015,78.8462,7
2015-wdbj-7-summer-music-games-of-southwest-virginia,WDBJ-7 Summer Music Games of Southwest Virginia,2015-07-28T13:00:00.000Z,"Salem, VA",2015,78.8462,6
2015-drum-corps-an-american-tradition,Drum Corps: An American Tradition,2015-07-29T13:00:00.000Z,"Annapolis, MD",2015,80.7692,7
2015-drums-along-the-mohawk,Drums Along the Mohawk,2015-07-29T13:00:00.000Z,"Rome, NY",2015,80.7692,7
2015-a-blast-in-the-burg,A Blast in the Burg,2015-07-30T13:00:00.000Z,"Johnsonburg, PA",2015,82.6923,5
2015-cyo-nationals-tribute,CYO Nationals Tribute,2015-07-30T13:00:00.000Z,"Quincy, MA",2015,82.6923,5
2015-tour-of-champions-ppl-park,Tour of Champions: PPL Park,2015-07-30T13:00:00.000Z,"Chester, PA",2015,82.6923,7
2015-a-knight-of-music-and-motion,A Knight of Music and Motion,2015-07-31T13:00:00.000Z,"St. Paul, MN",2015,84.6154,7
2015-dci-eastern-classic-2,DCI Eastern Classic,2015-07-31T13:00:00.000Z,"Allentown, PA",2015,84.6154,10
2015-shoreman-brass-classic,Shoreman Brass Classic,2015-07-31T13:00:00.000Z,"Avon Lake, OH",2015,84.6154,7
2015-dci-eastern-classic,DCI Eastern Classic,2015-08-01T13:00:00.000Z,"Allentown, PA",2015,86.5385,12
2015-legends-drum-corps-invitational,Legends Drum Corps Invitational,2015-08-01T13:00:00.000Z,"Troy, MI",2015,86.5385,7
2015-north-iowa-festival-of-brass,North Iowa Festival of Brass,2015-08-01T13:00:00.000Z,"Forest City, IA",2015,86.5385,6
2015-dci-pittsburgh-presented-by-three-rivers-summer-music-games,DCI Pittsburgh presented by Three Rivers SUMMER MUSIC GAMES,2015-08-02T13:00:00.000Z,"Pittsburgh, PA",2015,88.4615,7
2015-tour-of-champions-buffalo,Tour of Champions - Buffalo,2015-08-02T13:00:00.000Z,"Buffalo, NY",2015,88.4615,8
2015-dci-tour-of-champions-presented-by-the-pro-football-hall-of-fame-enshrinement-festival,"DCI Tour of Champions, presented by the Pro Football Hall of Fame Enshrinement Festival",2015-08-03T13:00:00.000Z,"Massillon, OH",2015,90.3846,7
2015-dci-world-championships-open-class-championship-prelims,DCI World Championships Open Class Championship Prelims,2015-08-03T13:00:00.000Z,"Michigan City, IN",2015,90.3846,14
2015-soaring-sounds-36,Soaring Sounds 36,2015-08-03T13:00:00.000Z,"Centerville, OH",2015,90.3846,7
2015-dci-world-championships-open-class-championship-finals,DCI World Championships Open Class Championship Finals,2015-08-04T13:00:00.000Z,"Michigan City, IN",2015,92.3077,12
2015-dci-world-championship-prelims,DCI World Championship Prelims,2015-08-06T13:00:00.000Z,"Indianapolis, IN",2015,96.1538,34
2015-dci-world-championship-semifinals,DCI World Championship Semifinals,2015-08-07T13:00:00.000Z,"Indianapolis, IN",2015,98.0769,24
2015-dci-world-championship-world-class-finals,DCI World Championship World Class Finals,2015-08-08T13:00:00.000Z,"Indianapolis, IN",2015,100,12
2016-dci-tour-premiere-presented-by-french-lick-resort,DCI Tour Premiere presented by French Lick Resort,2016-06-24T00:30:00.000Z,"Indianapolis, IN",2016,0,6
2016-midcal-champions-showcase,MidCal Champions Showcase,2016-06-24T04:00:00.000Z,"Fresno, CA",2016,0,11
2016-moonlight-classic,Moonlight Classic,2016-06-25T04:00:00.000Z,"Sacramento, CA",2016,1.9608,11
2016-dci-west,DCI West,2016-06-26T04:00:00.000Z,"Stanford, CA",2016,3.9216,11
2016-drum-corps-an-american-tradition-3,Drum Corps: An American Tradition,2016-06-30T23:00:00.000Z,"Allentown, PA",2016,13.7255,6
2016-corps-at-the-crest-san-diego,Corps at the Crest San Diego,2016-07-01T04:00:00.000Z,"Oceanside, CA",2016,13.7255,10
2016-dci-central-indiana,DCI Central Indiana,2016-07-01T04:00:00.000Z,"Muncie, IN",2016,13.7255,8
2016-drum-corps-an-american-tradition-2,Drum Corps: An American Tradition,2016-07-01T04:00:00.000Z,"Clifton, NJ",2016,13.7255,2
2016-seattle-summer-music-games,Seattle Summer Music Games,2016-07-01T04:00:00.000Z,"Auburn, WA",2016,13.7255,6
2016-corps-at-the-crest-los-angeles-presented-by-pacific-crest-youth-arts-organization,Corps at the Crest Los Angeles presented by Pacific Crest Youth Arts Organization,2016-07-02T04:00:00.000Z,"Pasadena, CA",2016,15.6863,11
2016-drums-of-fire,Drums of Fire,2016-07-02T04:00:00.000Z,"Tigard, OR",2016,15.6863,6
2016-east-coast-classic,East Coast Classic,2016-07-02T04:00:00.000Z,"Chestnut Hill, MA",2016,15.6863,8
2016-the-beanpot-invitational,The Beanpot Invitational,2016-07-03T04:00:00.000Z,"Lynn, MA",2016,17.6471,7
2016-western-corps-connection,Western Corps Connection,2016-07-03T04:00:00.000Z,"Riverside, CA",2016,17.6471,11
2016-crownbeat,CrownBEAT,2016-07-08T04:00:00.000Z,"Lexington, SC",2016,27.451,7
2016-loudest-show-on-earth,Loudest Show on Earth,2016-07-08T04:00:00.000Z,"Mountain House, CA",2016,27.451,7
2016-dci-central-florida,DCI Central Florida,2016-07-09T04:00:00.000Z,"Lakeland, FL",2016,29.4118,8
2016-show-of-shows,Show of Shows,2016-07-09T04:00:00.000Z,"Rockford, IL",2016,29.4118,8
2016-dci-capital-classic-corps-show,DCI Capital Classic Corps Show,2016-07-09T23:00:00.000Z,"Sacramento, CA",2016,31.3725,7
2016-drums-along-the-rockies,Drums Along the Rockies,2016-07-09T23:00:00.000Z,"Denver, CO",2016,31.3725,10
2016-drums-on-parade,Drums on Parade,2016-07-10T04:00:00.000Z,"Madison, WI",2016,31.3725,9
2016-dci-jupiter,DCI Jupiter,2016-07-11T04:00:00.000Z,"Jupiter, FL",2016,33.3333,8
2016-dci-st-louis,DCI St. Louis,2016-07-11T04:00:00.000Z,"Lebanon, IL",2016,33.3333,6
2016-drums-across-nebraska,Drums Across Nebraska,2016-07-11T04:00:00.000Z,"Omaha, NE",2016,33.3333,7
2016-brass-impact,Brass Impact,2016-07-12T04:00:00.000Z,"Overland Park, KS",2016,35.2941,5
2016-dci-daytona-beach,DCI Daytona Beach,2016-07-12T04:00:00.000Z,"Daytona Beach, FL",2016,35.2941,8
2016-music-on-the-march,Music On The March,2016-07-14T04:00:00.000Z,"Dubuque, IA",2016,39.2157,7
2016-dci-north-alabama-presented-by-u-s-army-bands,DCI North Alabama presented by U.S. Army Bands,2016-07-15T00:00:00.000Z,"Huntsville, AL",2016,43.1373,10
2016-dci-north-alabama-presented-by-us-army-bands,DCI North Alabama presented by U.S. Army Bands,2016-07-15T04:00:00.000Z,"Huntsville, AL",2016,41.1765,10
2016-resound,Resound,2016-07-15T04:00:00.000Z,"Bakersfield, CA",2016,41.1765,7
2016-river-city-rhapsody-rochester,River City Rhapsody - Rochester,2016-07-15T04:00:00.000Z,"Rochester, MN",2016,41.1765,6
2016-dci-kentucky-presented-by-demoulin-bros-and-co,DCI Kentucky presented by DeMoulin Bros. and Co.,2016-07-16T04:00:00.000Z,"Alexandria, KY",2016,43.1373,7
2016-dci-minnesota,DCI Minnesota,2016-07-16T04:00:00.000Z,"Minneapolis, MN",2016,43.1373,16
2016-gold-showcase-at-the-ranch,Gold Showcase at the Ranch,2016-07-16T04:00:00.000Z,"San Marcos, CA",2016,43.1373,8
2016-so-cal-classic-open-class-championship,So Cal Classic Open Class Championship,2016-07-17T04:00:00.000Z,"Bellflower, CA",2016,45.098,8
2016-tour-of-champions-north-illinois,Tour of Champions - North Illinois,2016-07-17T04:00:00.000Z,"DeKalb, IL",2016,45.098,8
2016-drums-across-kansas-presented-by-the-city-of-el-dorado-and-conventions-visitors,Drums Across Kansas presented by the City of El Dorado and Conventions & Visitors,2016-07-18T04:00:00.000Z,"El Dorado, KS",2016,47.0588,7
2016-tour-of-champions-central-missouri,Tour of Champions - Central Missouri,2016-07-18T04:00:00.000Z,"Warrensburg, MO",2016,47.0588,8
2016-music-on-the-move,Music on the Move,2016-07-19T04:00:00.000Z,"Bentonville, AR",2016,49.0196,8
2016-drums-of-summer,Drums of Summer,2016-07-20T04:00:00.000Z,"Broken Arrow, OK",2016,50.9804,9
2016-dci-central-texas-presented-by-band-shoppe,DCI Central Texas presented by Band Shoppe,2016-07-21T04:00:00.000Z,"Belton, TX",2016,52.9412,12
2016-dci-denton-presented-by-the-cavaliers-for-red-river-thunder,DCI Denton presented by The Cavaliers for Red River Thunder,2016-07-21T04:00:00.000Z,"Denton, TX",2016,52.9412,10
2016-tour-of-champions-texas-presented-by-the-exsightment-of-sound,"Tour of Champions - Texas, presented by THE exSIGHTment OF SOUND",2016-07-22T04:00:00.000Z,"Houston, TX",2016,54.902,8
2016-dci-southwestern-championship-presented-by-fred-j-miller-inc,"DCI Southwestern Championship presented by Fred J. Miller, Inc.",2016-07-23T04:00:00.000Z,"San Antonio, TX",2016,56.8627,24
2016-dci-dallas-presented-by-north-texas-festival-of-drums-and-bugles,DCI Dallas presented by North Texas Festival of Drums and Bugles,2016-07-25T04:00:00.000Z,"Dallas, TX",2016,60.7843,9
2016-dci-in-the-heartland,DCI in the Heartland,2016-07-26T04:00:00.000Z,"Mustang, OK",2016,62.7451,7
2016-mississippi-sound-spectacular,Mississippi Sound Spectacular,2016-07-26T04:00:00.000Z,"Biloxi, MS",2016,62.7451,8
2016-dci-arkansas,DCI Arkansas,2016-07-27T04:00:00.000Z,"Little Rock, AR",2016,64.7059,9
2016-dci-southern-mississippi,DCI Southern Mississippi,2016-07-27T04:00:00.000Z,"Hattiesburg, MS",2016,64.7059,9
2016-dci-birmingham,DCI Birmingham,2016-07-28T04:00:00.000Z,"Birmingham, AL",2016,66.6667,9
2016-alabama-sounds-of-summer,Alabama Sounds of Summer,2016-07-29T04:00:00.000Z,"Opelika, AL",2016,68.6275,9
2016-the-masters-of-the-summer-music-games-presented-by-jupiter-mapex-and-majestic,"The Masters of the Summer Music Games presented by Jupiter, Mapex, and Majestic",2016-07-29T04:00:00.000Z,"Nashville, TN",2016,68.6275,9
2016-legends-drum-corps-invitational,Legends Drum Corps Invitational,2016-07-30T04:00:00.000Z,"Troy, MI",2016,70.5882,5
2016-march-on,March On!,2016-07-30T04:00:00.000Z,"Farmington, MN",2016,70.5882,5
2016-the-dci-atlanta-southeastern-championship-presented-by-lone-star-percussion,The DCI Atlanta Southeastern Championship presented by Lone Star Percussion,2016-07-30T04:00:00.000Z,"Atlanta, GA",2016,70.5882,24
2016-legends-drum-corps-open,Legends Drum Corps Open,2016-07-31T04:00:00.000Z,"Three Rivers, MI",2016,72.549,5
2016-nightbeat-tour-of-champions,NightBEAT Tour of Champions,2016-07-31T04:00:00.000Z,"Winston-Salem, NC",2016,72.549,5
2016-show-of-shows-waukesha,Show of Shows Waukesha,2016-07-31T04:00:00.000Z,"Waukesha, WI",2016,72.549,5
2016-drums-across-the-tri-state,Drums Across the Tri-State,2016-08-01T04:00:00.000Z,"Charleston, WV",2016,74.5098,6
2016-wdbj-7-summer-music-games-of-southwest-virginia,WDBJ-7 Summer Music Games of Southwest Virginia,2016-08-01T04:00:00.000Z,"Salem, VA",2016,74.5098,7
2016-dci-ft-wayne,DCI Ft. Wayne,2016-08-02T04:00:00.000Z,"Ft. Wayne, IN",2016,76.4706,7
2016-drum-corps-an-american-tradition,Drum Corps: An American Tradition,2016-08-02T04:00:00.000Z,"Annapolis, MD",2016,76.4706,9
2016-soaring-sounds-37,Soaring Sounds 37,2016-08-02T04:00:00.000Z,"Centerville, OH",2016,76.4706,7
2016-dci-pittsburgh-presented-by-three-rivers-summer-music-games,DCI Pittsburgh presented by Three Rivers SUMMER MUSIC GAMES,2016-08-03T04:00:00.000Z,"Pittsburgh, PA",2016,78.4314,7
2016-tour-of-champions-ppl-park,"Tour of Champions, PPL Park",2016-08-04T04:00:00.000Z,"Chester, PA",2016,80.3922,8
2016-a-blast-in-the-burg,A Blast in the Burg,2016-08-05T04:00:00.000Z,"Johnsonburg, PA",2016,82.3529,7
2016-dci-eastern-classic-2,DCI Eastern Classic,2016-08-05T04:00:00.000Z,"Allentown, PA",2016,82.3529,10
2016-north-iowa-festival-of-brass,North Iowa Festival of Brass,2016-08-05T04:00:00.000Z,"Forest City, IA",2016,82.3529,6
2016-shadow-showcase,Shadow Showcase,2016-08-06T04:00:00.000Z,"Oregon, WI",2016,84.3137,8
2016-shoremen-brass-classic,Shoremen Brass Classic,2016-08-06T04:00:00.000Z,"Avon Lake, OH",2016,84.3137,8
2016-dci-eastern-classic,DCI Eastern Classic,2016-08-06T13:00:00.000Z,"Allentown, PA",2016,86.2745,12
2016-drums-along-the-mohawk,Drums Along the Mohawk,2016-08-07T04:00:00.000Z,"Rome, NY",2016,86.2745,8
2016-tour-of-champions-buffalo,Tour of Champions - Buffalo,2016-08-07T04:00:00.000Z,"Buffalo, NY",2016,86.2745,7
2016-dci-tour-of-champions-presented-by-the-pro-football-hall-of-fame-enshrinement-festival,DCI Tour of Champions presented by the Pro Football Hall of Fame Enshrinement Festival,2016-08-08T04:00:00.000Z,"Massillon, OH",2016,88.2353,7
2016-lake-erie-fanfare,Lake Erie Fanfare,2016-08-08T04:00:00.000Z,"Erie, PA",2016,88.2353,8
2016-dci-open-class-world-championships-prelims,DCI Open Class World Championships Prelims,2016-08-08T13:00:00.000Z,"Michigan City, IN",2016,90.1961,16
2016-dci-open-class-world-championships-finals,DCI Open Class World Championships Finals,2016-08-09T13:00:00.000Z,"Michigan City, IN",2016,92.1569,12
2016-dci-world-championship-prelims-presented-by-earasers-musicians-earplugs,DCI World Championship Prelims presented by Earasers Musicians Earplugs,2016-08-11T13:00:00.000Z,"Indianapolis, IN",2016,96.0784,38
2016-dci-world-championship-semifinals,DCI World Championship Semifinals,2016-08-12T13:00:00.000Z,"Indianapolis, IN",2016,98.0392,25
2016-dci-world-championships-finals,DCI World Championships Finals,2016-08-13T13:00:00.000Z,"Indianapolis, IN",2016,100,12
2017-dci-tour-premiere-presented-by-demoulin-bros-and-co,DCI Tour Premiere presented by DeMoulin Bros. and Co.,2017-06-22T04:00:00.000Z,"Indianapolis, IN",2017,0,6
2017-midcal-champions-showcase,MidCal Champions Showcase,2017-06-23T04:00:00.000Z,"Clovis, CA",2017,1.9608,11
2017-innovations-in-brass-massillon,Innovations in Brass - Massillon,2017-06-24T04:00:00.000Z,"Massillon, OH",2017,3.9216,5
2017-moonlight-classic,Moonlight Classic,2017-06-24T04:00:00.000Z,"Sacramento, CA",2017,3.9216,6
2017-the-whitewater-classic,The Whitewater Classic,2017-06-24T04:00:00.000Z,"Whitewater, WI",2017,3.9216,7
2017-dci-west-presented-by-lone-star-percussion,DCI West presented by Lone Star Percussion,2017-06-25T04:00:00.000Z,"Stanford, CA",2017,5.8824,11
2017-corps-at-the-crest-san-diego,Corps at the Crest - San Diego,2017-06-30T04:00:00.000Z,"Oceanside, CA",2017,15.6863,11
2017-drum-corps-at-the-rose-bowl,Drum Corps at the Rose Bowl,2017-07-01T04:00:00.000Z,"Pasadena, CA",2017,17.6471,12
2017-western-corps-connection,Western Corps Connection,2017-07-02T04:00:00.000Z,"Riverside, CA",2017,19.6078,12
2017-crownbeat,CrownBEAT,2017-07-07T04:00:00.000Z,"Columbia, SC",2017,29.4118,6
2017-drums-of-fire,Drums of Fire,2017-07-07T04:00:00.000Z,"Hillsboro, OR",2017,29.4118,7
2017-show-of-shows,Show of Shows,2017-07-07T04:00:00.000Z,"Rockford, IL",2017,29.4118,8
2017-dci-minnesota-presented-by-u-s-marine-drum-and-bugle-corps,DCI Minnesota presented by U.S. Marine Drum and Bugle Corps,2017-07-08T00:00:00.000Z,"Minneapolis, MN",2017,31.3725,14
2017-dci-capital-classic-corps-show,DCI Capital Classic Corps Show,2017-07-08T04:00:00.000Z,"Sacramento, CA",2017,31.3725,7
2017-dci-minnesota-presented-by-us-marine-drum-and-bugle-corps,DCI Minnesota presented by U.S. Marine Drum and Bugle Corps,2017-07-08T04:00:00.000Z,"Minneapolis, MN",2017,31.3725,14
2017-dci-orlando-presented-by-lone-star-percussion,DCI Orlando presented by Lone Star Percussion,2017-07-08T04:00:00.000Z,"Orlando, FL",2017,31.3725,8
2017-seattle-summer-music-games,Seattle Summer Music Games,2017-07-08T04:00:00.000Z,"Shoreline, WA",2017,31.3725,7
2017-diablo-valley-classic,Diablo Valley Classic,2017-07-09T04:00:00.000Z,"Pleasant Hill, CA",2017,33.3333,6
2017-drums-on-parade,Drums on Parade,2017-07-09T04:00:00.000Z,"Madison, WI",2017,33.3333,7
2017-river-city-rhapsody-rochester,River City Rhapsody - Rochester,2017-07-09T04:00:00.000Z,"Rochester, MN",2017,33.3333,7
2017-dci-south-florida,DCI South Florida,2017-07-10T04:00:00.000Z,"Jupiter, FL",2017,35.2941,6
2017-celebration-in-brass,Celebration in Brass,2017-07-11T04:00:00.000Z,"Johnston, IA",2017,37.2549,7
2017-dci-st-louis,DCI St. Louis,2017-07-12T04:00:00.000Z,"Lebanon, IL",2017,39.2157,7
2017-drums-across-america,Drums Across America,2017-07-12T04:00:00.000Z,"Atlanta, GA",2017,39.2157,6
2017-dci-martin,DCI Martin,2017-07-14T04:00:00.000Z,"Martin, TN",2017,43.1373,5
2017-drums-across-the-river-region,Drums Across the River Region,2017-07-14T04:00:00.000Z,"Millbrook, AL",2017,43.1373,5
2017-music-on-the-march,Music on the March,2017-07-14T04:00:00.000Z,"Dubuque, IA",2017,43.1373,8
2017-resound,Resound,2017-07-14T04:00:00.000Z,"Bakersfield, CA",2017,43.1373,7
2017-atlanta-brass-classic,Atlanta Brass Classic,2017-07-15T04:00:00.000Z,"Woodstock, GA",2017,45.098,5
2017-dci-northern-kentucky-presented-by-lone-star-percussion,DCI Northern Kentucky presented by Lone Star Percussion,2017-07-15T04:00:00.000Z,"Alexandria, KY",2017,45.098,5
2017-drum-corps-at-the-glen,Drum Corps at the Glen,2017-07-15T04:00:00.000Z,"Escondido, CA",2017,45.098,8
2017-drums-along-the-rockies,Drums Along the Rockies,2017-07-15T04:00:00.000Z,"Denver, CO",2017,45.098,10
2017-tour-of-champions-northern-illinois,Tour of Champions - Northern Illinois,2017-07-15T04:00:00.000Z,"DeKalb, IL",2017,45.098,8
2017-so-cal-classic-open-class-championship,So Cal Classic Open Class Championship,2017-07-16T04:00:00.000Z,"Bellflower, CA",2017,47.0588,8
2017-brass-impact,Brass Impact,2017-07-17T04:00:00.000Z,"Olathe, KS",2017,49.0196,7
2017-drums-across-kansas,Drums Across Kansas,2017-07-17T04:00:00.000Z,"El Dorado, KS",2017,49.0196,6
2017-music-on-the-move,Music on the Move,2017-07-17T04:00:00.000Z,"Bentonville, AR",2017,49.0196,8
2017-tour-of-champions-oklahoma-presented-by-drums-of-summer,"Tour of Champions - Oklahoma, presented by Drums of Summer",2017-07-18T04:00:00.000Z,"Broken Arrow, OK",2017,50.9804,8
2017-drums-across-the-smokies,Drums Across the Smokies,2017-07-19T04:00:00.000Z,"Knoxville, TN",2017,52.9412,6
2017-dci-central-texas,DCI Central Texas,2017-07-20T04:00:00.000Z,"Belton, TX",2017,54.902,12
2017-dci-north-texas,DCI North Texas,2017-07-20T04:00:00.000Z,"Denton, TX",2017,54.902,11
2017-tour-of-champions-texas-presented-by-band-shoppe-and-the-exsightment-of-sound,"Tour of Champions - Texas, presented by Band Shoppe and THE exSIGHTment of SOUND",2017-07-21T04:00:00.000Z,"Houston, TX",2017,56.8627,8
2017-dci-southwestern-championship-presented-by-fred-j-miller-inc,"DCI Southwestern Championship presented by Fred J. Miller, Inc.",2017-07-22T04:00:00.000Z,"San Antonio, TX",2017,58.8235,24
2017-dci-dallas-presented-by-north-texas-festival-of-drums-and-bugles,DCI Dallas presented by North Texas Festival of Drums and Bugles,2017-07-24T04:00:00.000Z,"Dallas, TX",2017,62.7451,10
2017-drums-across-cajun-field,Drums Across Cajun Field,2017-07-24T04:00:00.000Z,"Lafayette, LA",2017,62.7451,7
2017-dci-in-the-heartland,DCI in the Heartland,2017-07-25T04:00:00.000Z,"Mustang, OK",2017,64.7059,5
2017-dci-arkansas,DCI Arkansas,2017-07-26T04:00:00.000Z,"Little Rock, AR",2017,66.6667,9
2017-dci-southern-mississippi,DCI Southern Mississippi,2017-07-26T04:00:00.000Z,"Hattiesburg, MS",2017,66.6667,10
2017-drums-along-the-mississippi-river,Drums Along the Mississippi River,2017-07-26T04:00:00.000Z,"Cape Girardeau, MO",2017,66.6667,6
2017-dci-birmingham-joe-lee-griffin-field-at-samford-university,DCI Birmingham @ Joe Lee Griffin Field at Samford University,2017-07-27T04:00:00.000Z,"Birmingham, AL",2017,68.6275,9
2017-dci-southern-alabama,DCI Southern Alabama,2017-07-28T04:00:00.000Z,"Dothan, AL",2017,70.5882,9
2017-show-of-shows-metamora,Show of Shows - Metamora,2017-07-28T04:00:00.000Z,"Metamora, IL",2017,70.5882,8
2017-the-masters-of-the-summer-music-games-presented-by-jupiter-mapex-and-majestic,"The Masters of the Summer Music Games presented by Jupiter, Mapex and Majestic",2017-07-28T04:00:00.000Z,"Nashville, TN",2017,70.5882,9
2017-dci-southeastern-championship-presented-by-lone-star-percussion,DCI Southeastern Championship presented by Lone Star Percussion,2017-07-29T04:00:00.000Z,"Powder Springs, GA",2017,72.549,17
2017-drum-corps-mid-america,Drum Corps Mid-America,2017-07-29T04:00:00.000Z,"Oskaloosa, IA",2017,72.549,7
2017-legends-drum-corps-invitational,Legends Drum Corps Invitational,2017-07-30T04:00:00.000Z,"White Lake, MI",2017,74.5098,4
2017-nightbeat-tour-of-champions,NightBEAT Tour of Champions,2017-07-30T04:00:00.000Z,"Winston-Salem, NC",2017,74.5098,14
2017-drums-across-the-tri-state,Drums Across the Tri-State,2017-07-31T04:00:00.000Z,"Charleston, WV",2017,76.4706,6
2017-emerald-city-music-games,Emerald City Music Games,2017-07-31T04:00:00.000Z,"Dublin, OH",2017,76.4706,7
2017-wdbj-7-summer-music-games-of-southwest-virginia,WDBJ-7 Summer Music Games of Southwest Virginia,2017-07-31T04:00:00.000Z,"Salem, VA",2017,76.4706,6
2017-drum-corps-an-american-tradition,Drum Corps: An American Tradition,2017-08-01T04:00:00.000Z,"Annapolis, MD",2017,78.4314,7
2017-march-on,March On!,2017-08-01T04:00:00.000Z,"Minneapolis, MN",2017,78.4314,6
2017-soaring-sounds-38,Soaring Sounds 38,2017-08-01T04:00:00.000Z,"Centerville, OH",2017,78.4314,9
2017-drum-corps-an-american-tradition-clifton,Drum Corps: An American Tradition - Clifton,2017-08-02T04:00:00.000Z,"Clifton, NJ",2017,80.3922,6
2017-petunia-city-brass,Petunia City Brass,2017-08-02T04:00:00.000Z,"Oregon, IL",2017,80.3922,8
2017-spring-city-showcase,Spring City Showcase,2017-08-02T04:00:00.000Z,"Waukesha, WI",2017,80.3922,8
2017-east-coast-classic,East Coast Classic,2017-08-03T04:00:00.000Z,"Lawrence, MA",2017,82.3529,4
2017-tour-of-champions-ppl-park,"Tour of Champions, PPL Park",2017-08-03T04:00:00.000Z,"Chester, PA",2017,82.3529,6
2017-dci-eastern-classic-2,DCI Eastern Classic,2017-08-04T04:00:00.000Z,"Allentown, PA",2017,84.3137,10
2017-shadow-showcase,Shadow Showcase,2017-08-04T04:00:00.000Z,"Oregon, WI",2017,84.3137,8
2017-dci-eastern-classic,DCI Eastern Classic,2017-08-05T04:00:00.000Z,"Allentown, PA",2017,86.2745,13
2017-shoremen-brass-classic,Shoremen Brass Classic,2017-08-05T04:00:00.000Z,"Avon Lake, OH",2017,86.2745,8
2017-tournament-of-drums,Tournament of Drums,2017-08-05T04:00:00.000Z,"Cedar Rapids, IA",2017,86.2745,7
2017-drums-along-the-mohawk,Drums Along the Mohawk,2017-08-06T04:00:00.000Z,"Rome, NY",2017,88.2353,8
2017-tour-of-champions-buffalo,Tour of Champions - Buffalo,2017-08-06T04:00:00.000Z,"Buffalo, NY",2017,88.2353,8
2017-dci-open-class-world-championships-prelims,DCI Open Class World Championships Prelims,2017-08-07T04:00:00.000Z,"Michigan City, IN",2017,90.1961,16
2017-dci-tour-of-champions-presented-by-the-pro-football-hall-of-fame-enshrinement-festival,DCI Tour of Champions presented by the Pro Football Hall of Fame Enshrinement Festival,2017-08-07T04:00:00.000Z,"Massillon, OH",2017,90.1961,8
2017-lake-erie-fanfare,Lake Erie Fanfare,2017-08-07T04:00:00.000Z,"Erie, PA",2017,90.1961,8
2017-dci-open-class-world-championships-finals,DCI Open Class World Championships Finals,2017-08-08T04:00:00.000Z,"Michigan City, IN",2017,92.1569,12
2017-dci-world-championship-prelims,DCI World Championship Prelims,2017-08-10T04:00:00.000Z,"Indianapolis, IN",2017,96.0784,39
2017-dci-world-championship-semifinals-presented-by-earasers,DCI World Championship Semifinals presented by Earasers,2017-08-11T04:00:00.000Z,"Indianapolis, IN",2017,98.0392,25
2017-dci-world-championship-finals,DCI World Championship Finals,2017-08-12T04:00:00.000Z,"Indianapolis, IN",2017,100,12
2018-dci-tour-premiere,DCI Tour Premiere,2018-06-21T04:00:00.000Z,"Detroit, MI",2018,0,6
2018-midcal-champions-showcase,MidCal Champions Showcase,2018-06-22T04:00:00.000Z,"Clovis, CA",2018,1.9608,9
2018-dci-west,DCI West,2018-06-23T04:00:00.000Z,"Stanford, CA",2018,3.9216,9
2018-innovations-in-brass,Innovations in Brass,2018-06-23T04:00:00.000Z,"Akron, OH",2018,3.9216,6
2018-the-whitewater-classic,The Whitewater Classic,2018-06-23T04:00:00.000Z,"Whitewater, WI",2018,3.9216,7
2018-moonlight-classic,Moonlight Classic,2018-06-24T04:00:00.000Z,"Sacramento, CA",2018,5.8824,9
2018-pageant-of-drums,Pageant of Drums,2018-06-24T04:00:00.000Z,"Michigan City, IN",2018,5.8824,8
2018-summer-music-games-in-cincinnati,Summer Music Games in Cincinnati,2018-06-25T04:00:00.000Z,"Mason, OH",2018,7.8431,7
2018-corps-at-the-crest-san-diego,Corps at the Crest - San Diego,2018-06-29T04:00:00.000Z,"Oceanside, CA",2018,15.6863,11
2018-dci-central-indiana,DCI Central Indiana,2018-06-29T04:00:00.000Z,"Muncie, IN",2018,15.6863,8
2018-cavalcade-of-brass,Cavalcade of Brass,2018-06-30T04:00:00.000Z,"Lisle, IL",2018,17.6471,8
2018-drum-corps-at-the-rose-bowl,Drum Corps at the Rose Bowl,2018-06-30T04:00:00.000Z,"Pasadena, CA",2018,17.6471,12
2018-east-coast-classic,East Coast Classic,2018-07-01T04:00:00.000Z,"Lawrence, MA",2018,19.6078,7
2018-river-city-rhapsody-la-crosse,River City Rhapsody - La Crosse,2018-07-01T04:00:00.000Z,"La Crosse, WI",2018,19.6078,8
2018-western-corps-connection,Western Corps Connection,2018-07-01T04:00:00.000Z,"Riverside, CA",2018,19.6078,13
2018-drums-across-the-desert,Drums Across the Desert,2018-07-02T04:00:00.000Z,"Mesa, AZ",2018,21.5686,5
2018-the-beanpot,The Beanpot,2018-07-02T04:00:00.000Z,"Lynn, MA",2018,21.5686,7
2018-the-thunder-of-drums,The Thunder of Drums,2018-07-02T04:00:00.000Z,"Mankato, MN",2018,21.5686,5
2018-drum-corps-an-american-tradition,Drum Corps: An American Tradition,2018-07-05T04:00:00.000Z,"Clifton, NJ",2018,27.451,7
2018-the-northwoods-encore,The Northwoods Encore,2018-07-05T04:00:00.000Z,"Wausau, WI",2018,27.451,7
2018-drums-of-fire,Drums of Fire,2018-07-06T04:00:00.000Z,"Vancouver, WA",2018,29.4118,9
2018-show-of-shows,Show of Shows,2018-07-06T04:00:00.000Z,"Rockford, IL",2018,29.4118,8
2018-crownbeat,CrownBEAT,2018-07-07T04:00:00.000Z,"Lexington, SC",2018,31.3725,7
2018-dci-minnesota,DCI Minnesota,2018-07-07T04:00:00.000Z,"Minneapolis, MN",2018,31.3725,12
2018-seattle-summer-music-games,Seattle Summer Music Games,2018-07-07T04:00:00.000Z,"Renton, WA",2018,31.3725,9
2018-dci-orlando,DCI Orlando,2018-07-08T04:00:00.000Z,"Orlando, FL",2018,33.3333,8
2018-drums-on-parade,Drums on Parade,2018-07-08T04:00:00.000Z,"Waukesha, WI",2018,33.3333,6
2018-river-city-rhapsody-rochester,River City Rhapsody - Rochester,2018-07-08T04:00:00.000Z,"Rochester, MN",2018,33.3333,6
2018-drums-across-america-valdosta,Drums Across America - Valdosta,2018-07-10T04:00:00.000Z,"Valdosta, GA",2018,37.2549,9
2018-celebration-in-brass,Celebration in Brass,2018-07-11T04:00:00.000Z,"Johnston, IA",2018,39.2157,7
2018-corps-encore,Corps Encore,2018-07-11T04:00:00.000Z,"Ogden, UT",2018,39.2157,9
2018-dci-crossroads,DCI Crossroads,2018-07-11T04:00:00.000Z,"Zionsville, IN",2018,39.2157,5
2018-drums-across-america,Drums Across America,2018-07-11T04:00:00.000Z,"Hoschton, GA",2018,39.2157,8
2018-drums-across-the-smokies,Drums Across the Smokies,2018-07-12T04:00:00.000Z,"Knoxville, TN",2018,41.1765,9
2018-drums-across-the-river-region,Drums Across the River Region,2018-07-13T04:00:00.000Z,"Millbrook, AL",2018,43.1373,4
2018-atlanta-brass-classic,Atlanta Brass Classic,2018-07-14T04:00:00.000Z,"Hiram, GA",2018,45.098,4
2018-dci-northern-kentucky,DCI Northern Kentucky,2018-07-14T04:00:00.000Z,"Alexandria, KY",2018,45.098,5
2018-drums-along-the-rockies,Drums Along the Rockies,2018-07-14T04:00:00.000Z,"Denver, CO",2018,45.098,8
2018-gold-showcase,Gold Showcase,2018-07-14T04:00:00.000Z,"El Cajon, CA",2018,45.098,9
2018-tour-of-champions-northern-illinois,Tour of Champions - Northern Illinois,2018-07-14T04:00:00.000Z,"DeKalb, IL",2018,45.098,7
2018-dci-midwestern-championship,DCI Midwestern Championship,2018-07-15T04:00:00.000Z,"St. Louis, MO",2018,47.0588,20
2018-so-cal-classic,So Cal Classic,2018-07-15T04:00:00.000Z,"Norwalk, CA",2018,47.0588,9
2018-brass-impact,Brass Impact,2018-07-16T04:00:00.000Z,"Olathe, KS",2018,49.0196,8
2018-drums-across-kansas,Drums Across Kansas,2018-07-16T04:00:00.000Z,"El Dorado, KS",2018,49.0196,9
2018-music-on-the-move,Music on the Move,2018-07-16T04:00:00.000Z,"Bentonville, AR",2018,49.0196,7
2018-tour-of-champions-oklahoma,Tour of Champions – Oklahoma,2018-07-17T04:00:00.000Z,"Broken Arrow, OK",2018,50.9804,7
2018-resound,Resound,2018-07-20T04:00:00.000Z,"Bakersfield, CA",2018,56.8627,10
2018-tour-of-champions-texas,Tour of Champions - Texas,2018-07-20T04:00:00.000Z,"Katy, TX",2018,56.8627,9
2018-dci-southwestern-championship,DCI Southwestern Championship,2018-07-21T04:00:00.000Z,"San Antonio, TX",2018,58.8235,25
2018-diablo-valley-classic-pacific-open-class-championship,Diablo Valley Classic Pacific Open Class Championship,2018-07-21T04:00:00.000Z,"Pleasant Hill, CA",2018,58.8235,10
2018-dci-mesquite,DCI Mesquite,2018-07-23T04:00:00.000Z,"Mesquite, TX",2018,62.7451,10
2018-drums-across-cajun-field,Drums Across Cajun Field,2018-07-23T04:00:00.000Z,"Lafayette, LA",2018,62.7451,7
2018-dci-in-the-heartland,DCI in the Heartland,2018-07-24T04:00:00.000Z,"Mustang, OK",2018,64.7059,7
2018-dci-arkansas,DCI Arkansas,2018-07-25T04:00:00.000Z,"Little Rock, AR",2018,66.6667,8
2018-dci-southern-mississippi,DCI Southern Mississippi,2018-07-25T04:00:00.000Z,"Hattiesburg, MS",2018,66.6667,9
2018-dci-birmingham,DCI Birmingham,2018-07-26T04:00:00.000Z,"Birmingham, AL",2018,68.6275,9
2018-dci-southern-alabama,DCI Southern Alabama,2018-07-27T04:00:00.000Z,"Dothan, AL",2018,70.5882,10
2018-drums-along-the-mississippi,Drums Along the Mississippi,2018-07-27T04:00:00.000Z,"Cape Girardeau, MO",2018,70.5882,5
2018-music-on-the-mountain,Music on the Mountain,2018-07-27T04:00:00.000Z,"Sheffield, PA",2018,70.5882,4
2018-the-masters-of-the-summer-music-games,The Masters of the Summer Music Games,2018-07-27T04:00:00.000Z,"Murfreesboro, TN",2018,70.5882,9
2018-dci-southeastern-championship,DCI Southeastern Championship,2018-07-28T04:00:00.000Z,"Atlanta, GA",2018,72.549,24
2018-drum-corps-mid-america,Drum Corps Mid-America,2018-07-29T04:00:00.000Z,"Oskaloosa, IA",2018,74.5098,8
2018-legends-drum-corps-invitational,Legends Drum Corps Invitational,2018-07-29T04:00:00.000Z,"White Lake, MI",2018,74.5098,4
2018-nightbeat-tour-of-champions,NightBEAT Tour of Champions,2018-07-29T04:00:00.000Z,"Winston-Salem, NC",2018,74.5098,8
2018-drums-across-the-tri-state,Drums Across the Tri-State,2018-07-30T04:00:00.000Z,"Charleston, WV",2018,76.4706,6
2018-soaring-sounds,Soaring Sounds,2018-07-30T04:00:00.000Z,"Centerville, OH",2018,76.4706,7
2018-drum-corps-an-american-tradition-annapolis,Drum Corps: An American Tradition- Annapolis,2018-07-31T04:00:00.000Z,"Annapolis, MD",2018,78.4314,7
2018-march-on,March On!,2018-07-31T04:00:00.000Z,"Farmington, MN",2018,78.4314,5
2018-east-troy-showcase,East Troy Showcase,2018-08-01T04:00:00.000Z,"East Troy, WI",2018,80.3922,6
2018-petunia-city-brass,Petunia City Brass,2018-08-01T04:00:00.000Z,"Dixon - Rock Falls, IL",2018,80.3922,6
2018-tour-of-champions-chester,Tour of Champions – Chester,2018-08-01T04:00:00.000Z,"Chester, PA",2018,80.3922,8
2018-drums-along-the-mohawk,Drums Along the Mohawk,2018-08-02T04:00:00.000Z,"Rome, NY",2018,82.3529,8
2018-dci-eastern-classic-2,DCI Eastern Classic,2018-08-03T04:00:00.000Z,"Allentown, PA",2018,84.3137,6
2018-legends-drum-corps-open,Legends Drum Corps Open,2018-08-03T04:00:00.000Z,"Plainwell, MI",2018,84.3137,7
2018-tournament-of-drums,Tournament of Drums,2018-08-03T04:00:00.000Z,"Cedar Rapids, IA",2018,84.3137,8
2018-dci-eastern-classic,DCI Eastern Classic,2018-08-04T04:00:00.000Z,"Allentown, PA",2018,86.2745,12
2018-metamora-music-in-motion,Metamora Music in Motion,2018-08-04T04:00:00.000Z,"East Peoria, IL",2018,86.2745,8
2018-shoremen-brass-classic,Shoremen Brass Classic,2018-08-04T04:00:00.000Z,"Avon Lake, OH",2018,86.2745,7
2018-dci-pittsburgh,DCI Pittsburgh,2018-08-05T04:00:00.000Z,"Pittsburgh, PA",2018,88.2353,7
2018-tour-of-champions-drums-along-the-waterfront,Tour of Champions - Drums Along the Waterfront,2018-08-05T04:00:00.000Z,"Buffalo, NY",2018,88.2353,10
2018-dci-open-class-world-championship-prelims,DCI Open Class World Championship Prelims,2018-08-06T04:00:00.000Z,"Michigan City, IN",2018,90.1961,15
2018-lake-erie-fanfare,Lake Erie Fanfare,2018-08-06T04:00:00.000Z,"Erie, PA",2018,90.1961,8
2018-tour-of-champions-massillon,Tour of Champions - Massillon,2018-08-06T04:00:00.000Z,"Massillon, OH",2018,90.1961,8
2018-dci-open-class-world-championship-finals,DCI Open Class World Championship Finals,2018-08-07T04:00:00.000Z,"Michigan City, IN",2018,92.1569,12
2018-dci-world-championship-prelims,DCI World Championship Prelims,2018-08-09T04:00:00.000Z,"Indianapolis, IN",2018,96.0784,38
2018-dci-world-championship-semifinals,DCI World Championship Semifinals,2018-08-10T04:00:00.000Z,"Indianapolis, IN",2018,98.0392,25
2018-dci-world-championship-finals,DCI World Championship Finals,2018-08-11T04:00:00.000Z,"Indianapolis, IN",2018,100,12
2019-dci-tour-premiere,DCI Tour Premiere,2019-06-20T04:00:00.000Z,"Detroit, MI",2019,0,6
2019-midcal-champions-showcase,MidCal Champions Showcase,2019-06-21T04:00:00.000Z,"Clovis, CA",2019,1.9608,10
2019-dci-west,DCI West,2019-06-22T04:00:00.000Z,"Stanford, CA",2019,3.9216,9
2019-drums-on-parade,Drums on Parade,2019-06-22T04:00:00.000Z,"Madison, WI",2019,3.9216,6
2019-innovations-in-brass-north-canton,Innovations in Brass: North Canton,2019-06-22T04:00:00.000Z,"North Canton, OH",2019,3.9216,4
2019-dci-crossroads,DCI Crossroads,2019-06-23T04:00:00.000Z,"Zionsville, IN",2019,5.8824,6
2019-moonlight-classic,Moonlight Classic,2019-06-23T04:00:00.000Z,"Sacramento, CA",2019,5.8824,9
2019-drums-on-the-ohio,Drums on the Ohio,2019-06-24T04:00:00.000Z,"Evansville, IN",2019,7.8431,7
2019-summer-music-games-in-cincinnati,Summer Music Games in Cincinnati,2019-06-25T04:00:00.000Z,"Hamilton, OH",2019,9.8039,5
2019-innovations-in-brass-pittsburgh,Innovations in Brass: Pittsburgh,2019-06-26T04:00:00.000Z,"Pittsburgh, PA",2019,11.7647,5
2019-corps-at-the-crest-san-diego,Corps at the Crest ? San Diego,2019-06-28T04:00:00.000Z,"Vista, CA",2019,15.6863,13
2019-dci-central-indiana,DCI Central Indiana,2019-06-28T04:00:00.000Z,"Muncie, IN",2019,15.6863,7
2019-drum-corps-an-american-tradition-allentown,Drum Corps: An American Tradition - Allentown,2019-06-28T04:00:00.000Z,"Allentown, PA",2019,15.6863,6
2019-drum-corps-at-the-rose-bowl,Drum Corps at the Rose Bowl,2019-06-29T04:00:00.000Z,"Pasadena, CA",2019,17.6471,15
2019-east-coast-classic,East Coast Classic,2019-06-29T04:00:00.000Z,"Lawrence, MA",2019,17.6471,6
2019-show-of-shows,Show of Shows,2019-06-29T04:00:00.000Z,"Rockford, IL",2019,17.6471,8
2019-river-city-rhapsody-rochester,River City Rhapsody ? Rochester,2019-06-30T04:00:00.000Z,"Rochester, MN",2019,19.6078,7
2019-western-corps-connection,Western Corps Connection,2019-06-30T04:00:00.000Z,"San Bernardino, CA",2019,19.6078,15
2019-the-beanpot,The Beanpot,2019-07-01T04:00:00.000Z,"Lynn, MA",2019,21.5686,5
2019-drum-corps-an-american-tradition-metlife-stadium,Drum Corps: An American Tradition - MetLife Stadium,2019-07-02T04:00:00.000Z,"East Rutherford, NJ",2019,23.5294,8
2019-the-northwoods-encore,The Northwoods Encore,2019-07-02T04:00:00.000Z,"Wausau, WI",2019,23.5294,6
2019-rotary-music-festival,Rotary Music Festival,2019-07-03T04:00:00.000Z,"Cedarburg, WI",2019,25.4902,7
2019-cavalcade-of-brass,Cavalcade of Brass,2019-07-05T04:00:00.000Z,"Lisle, IL",2019,29.4118,8
2019-crownbeat,CrownBEAT,2019-07-05T04:00:00.000Z,"Lexington, SC",2019,29.4118,6
2019-dci-capital-classic-corps-show,DCI Capital Classic Corps Show,2019-07-05T04:00:00.000Z,"Sacramento, CA",2019,29.4118,5
2019-drums-of-fire,Drums of Fire,2019-07-05T04:00:00.000Z,"Camas, WA",2019,29.4118,7
2019-seattle-summer-music-games,Seattle Summer Music Games,2019-07-06T04:00:00.000Z,"Renton, WA",2019,31.3725,7
2019-whitewater-classic,Whitewater Classic,2019-07-06T04:00:00.000Z,"Whitewater, WI",2019,31.3725,10
2019-dci-menomonie,DCI Menomonie,2019-07-07T04:00:00.000Z,"Menomonie, WI",2019,33.3333,11
2019-drums-across-america-valdosta,Drums Across America - Valdosta,2019-07-08T04:00:00.000Z,"Valdosta, GA",2019,35.2941,8
2019-drums-along-the-columbia,Drums Along the Columbia,2019-07-08T04:00:00.000Z,"Tri Cities, WA",2019,35.2941,8
2019-drums-across-america-atlanta,Drums Across America - Atlanta,2019-07-09T04:00:00.000Z,"Hoschton, GA",2019,37.2549,7
2019-drums-along-the-rockies-boise-edition,Drums Along the Rockies - Boise Edition,2019-07-09T04:00:00.000Z,"Boise, ID",2019,37.2549,8
2019-the-thunder-of-drums,The Thunder of Drums,2019-07-09T04:00:00.000Z,"Mankato, MN",2019,37.2549,6
2019-celebration-in-brass,Celebration in Brass,2019-07-10T04:00:00.000Z,"Ankeny, IA",2019,39.2157,8
2019-corps-encore,Corps Encore,2019-07-10T04:00:00.000Z,"Ogden, UT",2019,39.2157,8
2019-drums-across-the-smokies,Drums Across the Smokies,2019-07-11T04:00:00.000Z,"Knoxville, TN",2019,41.1765,8
2019-music-on-the-march,Music on the March,2019-07-12T04:00:00.000Z,"Dubuque, IA",2019,43.1373,8
2019-resound,Resound,2019-07-12T04:00:00.000Z,"Bakersfield, CA",2019,43.1373,8
2019-dci-memphis,DCI Memphis,2019-07-13T04:00:00.000Z,"Memphis, TN",2019,45.098,7
2019-diablo-valley-classic,Diablo Valley Classic,2019-07-13T04:00:00.000Z,"Pleasant Hill, CA",2019,45.098,7
2019-drums-across-the-river-region,Drums Across the River Region,2019-07-13T04:00:00.000Z,"Millbrook, AL",2019,45.098,4
2019-tour-of-champions-northern-illinois,Tour of Champions - Northern Illinois,2019-07-13T04:00:00.000Z,"DeKalb, IL",2019,45.098,8
2019-atlanta-brass-classic,Atlanta Brass Classic,2019-07-14T04:00:00.000Z,"Woodstock, GA",2019,47.0588,4
2019-dci-st-louis,DCI St. Louis,2019-07-14T04:00:00.000Z,"Belleville, IL",2019,47.0588,9
2019-brass-impact,Brass Impact,2019-07-15T04:00:00.000Z,"Olathe, KS",2019,49.0196,6
2019-drums-across-kansas,Drums Across Kansas,2019-07-15T04:00:00.000Z,"El Dorado, KS",2019,49.0196,6
2019-music-on-the-move,Music on the Move,2019-07-15T04:00:00.000Z,"Bentonville, AR",2019,49.0196,5
2019-dci-broken-arrow,DCI Broken Arrow,2019-07-16T04:00:00.000Z,"Broken Arrow, OK",2019,50.9804,9
2019-dci-central-texas,DCI Central Texas,2019-07-18T04:00:00.000Z,"Belton, TX",2019,54.902,6
2019-dci-north-texas,DCI North Texas,2019-07-18T04:00:00.000Z,"Denton, TX",2019,54.902,13
2019-riverside-open,Riverside Open,2019-07-18T04:00:00.000Z,"Riverside, CA",2019,54.902,9
2019-dci-katy,DCI Katy,2019-07-19T04:00:00.000Z,"Katy, TX",2019,56.8627,8
2019-so-cal-classic,So Cal Classic,2019-07-19T04:00:00.000Z,"Bellflower, CA",2019,56.8627,10
2019-dci-new-hampshire,DCI New Hampshire,2019-07-20T04:00:00.000Z,"Nashua, NH",2019,58.8235,6
2019-dci-southwestern-championship,DCI Southwestern Championship,2019-07-20T04:00:00.000Z,"San Antonio, TX",2019,58.8235,23
2019-gold-showcase,Gold Showcase,2019-07-20T04:00:00.000Z,"Vista, CA",2019,58.8235,10
2019-dci-mesquite,DCI Mesquite,2019-07-22T04:00:00.000Z,"Mesquite, TX",2019,62.7451,11
2019-drums-across-cajun-field,Drums Across Cajun Field,2019-07-22T04:00:00.000Z,"Lafayette, LA",2019,62.7451,10
2019-drums-along-the-wasatch,Drums Along the Wasatch,2019-07-22T04:00:00.000Z,"Salt Lake City, UT",2019,62.7451,5
2019-prelude-to-drums-along-the-waterfront,Prelude to Drums Along the Waterfront,2019-07-23T04:00:00.000Z,"Niagara, NY",2019,64.7059,6
2019-dci-arkansas,DCI Arkansas,2019-07-24T04:00:00.000Z,"Little Rock, AR",2019,66.6667,10
2019-dci-southern-mississippi,DCI Southern Mississippi,2019-07-24T04:00:00.000Z,"Hattiesburg, MS",2019,66.6667,8
2019-mile-high-showcase,Mile High Showcase,2019-07-24T04:00:00.000Z,"Denver, CO",2019,66.6667,5
2019-dci-southern-alabama,DCI Southern Alabama,2019-07-25T04:00:00.000Z,"Dothan, AL",2019,68.6275,5
2019-dci-birmingham,DCI Birmingham,2019-07-26T04:00:00.000Z,"Trussville, AL",2019,70.5882,7
2019-drums-along-the-mississippi,Drums Along the Mississippi,2019-07-26T04:00:00.000Z,"Cape Girardeau, MO",2019,70.5882,5
2019-music-on-the-mountain,Music on the Mountain,2019-07-26T04:00:00.000Z,"Sheffield, PA",2019,70.5882,7
2019-the-masters-of-the-summer-music-games,The Masters of the Summer Music Games,2019-07-26T04:00:00.000Z,"Murfreesboro, TN",2019,70.5882,9
2019-dci-southeastern-championship,DCI Southeastern Championship,2019-07-27T04:00:00.000Z,"Atlanta, GA",2019,72.549,22
2019-drum-corps-mid-america,Drum Corps Mid-America,2019-07-27T04:00:00.000Z,"Oskaloosa, IA",2019,72.549,6
2019-legends-drum-corps-invitational,Legends Drum Corps Invitational,2019-07-27T04:00:00.000Z,"White Lake, MI",2019,72.549,7
2019-nightbeat,NightBEAT,2019-07-28T04:00:00.000Z,"Winston-Salem, NC",2019,74.5098,11
2019-dci-hoosier-heartland,DCI Hoosier Heartland,2019-07-29T04:00:00.000Z,"Plymouth, IN",2019,76.4706,7
2019-dci-shoreline-classic,DCI Shoreline Classic,2019-07-29T04:00:00.000Z,"Storm Lake, IA",2019,76.4706,6
2019-drums-across-the-tri-state,Drums Across the Tri-State,2019-07-29T04:00:00.000Z,"Charleston, WV",2019,76.4706,6
2019-soaring-sounds,Soaring Sounds,2019-07-29T04:00:00.000Z,"Centerville, OH",2019,76.4706,5
2019-drum-corps-an-american-tradition-annapolis,Drum Corps: An American Tradition- Annapolis,2019-07-30T04:00:00.000Z,"Annapolis, MD",2019,78.4314,7
2019-summer-music-games-of-southwest-virginia,Summer Music Games of Southwest Virginia,2019-07-30T04:00:00.000Z,"Salem, VA",2019,78.4314,6
2019-march-on,March On!,2019-07-31T04:00:00.000Z,"Farmington, MN",2019,80.3922,5
2019-cyo-nationals,CYO Nationals,2019-08-01T04:00:00.000Z,"Lawrence, MA",2019,82.3529,5
2019-drums-along-the-mohawk,Drums Along the Mohawk,2019-08-01T04:00:00.000Z,"Rome, NY",2019,82.3529,5
2019-dci-eastern-classic-2,DCI Eastern Classic,2019-08-02T04:00:00.000Z,"Allentown, PA",2019,84.3137,11
2019-legends-drum-corps-open,Legends Drum Corps Open,2019-08-02T04:00:00.000Z,"Plainwell, MI",2019,84.3137,7
2019-tournament-of-drums,Tournament of Drums,2019-08-02T04:00:00.000Z,"Marion, IA",2019,84.3137,7
2019-dci-eastern-classic,DCI Eastern Classic,2019-08-03T04:00:00.000Z,"Allentown, PA",2019,86.2745,11
2019-east-troy-showcase,East Troy Showcase,2019-08-03T04:00:00.000Z,"Madison, WI",2019,86.2745,7
2019-shoremen-brass-classic,Shoremen Brass Classic,2019-08-03T04:00:00.000Z,"Avon Lake, OH",2019,86.2745,7
2019-dci-pittsburgh,DCI Pittsburgh,2019-08-04T04:00:00.000Z,"Pittsburgh, PA",2019,88.2353,7
2019-drums-along-the-waterfront,Drums Along the Waterfront,2019-08-04T04:00:00.000Z,"Buffalo, NY",2019,88.2353,9
2019-dci-open-class-world-championship-prelims,DCI Open Class World Championship Prelims,2019-08-05T04:00:00.000Z,"Marion, IN",2019,90.1961,14
2019-lake-erie-fanfare,Lake Erie Fanfare,2019-08-05T04:00:00.000Z,"Edinboro, PA",2019,90.1961,7
2019-tour-of-champions-akron,Tour of Champions - Akron,2019-08-05T04:00:00.000Z,"Akron, OH",2019,90.1961,9
2019-dci-open-class-world-championship-finals,DCI Open Class World Championship Finals,2019-08-06T04:00:00.000Z,"Marion, IN",2019,92.1569,12
2019-dci-world-championship-prelims,DCI World Championship Prelims,2019-08-08T04:00:00.000Z,"Indianapolis, IN",2019,96.0784,35
2019-dci-world-championship-semifinals,DCI World Championship Semifinals,2019-08-09T04:00:00.000Z,"Indianapolis, IN",2019,98.0392,24
2019-dci-world-championship-finals,DCI World Championship Finals,2019-08-10T04:00:00.000Z,"Indianapolis, IN",2019,100,12
2022-corps-at-the-crest-san-diego,Corps at the Crest - San Diego,2022-06-24T04:00:00.000Z,"Vista, CA",2022,0,6
2022-drum-corps-at-the-rose-bowl,Drum Corps at the Rose Bowl,2022-06-25T04:00:00.000Z,"Pasadena, CA",2022,2,8
2022-western-corps-connection,Western Corps Connection,2022-06-26T04:00:00.000Z,"San Bernardino, CA",2022,4,8
2022-dci-tour-premiere,DCI Tour Premiere,2022-06-28T04:00:00.000Z,"Detroit, MI",2022,8,6
2022-dci-central-indiana,DCI Central Indiana,2022-07-01T04:00:00.000Z,"Muncie, IN",2022,14,6
2022-drums-across-the-desert,Drums Across the Desert,2022-07-02T04:00:00.000Z,"Tempe, AZ",2022,16,5
2022-drums-on-parade,Drums on Parade,2022-07-02T04:00:00.000Z,"Madison, WI",2022,16,6
2022-east-coast-classic,East Coast Classic,2022-07-02T04:00:00.000Z,"Quincy, MA",2022,16,5
2022-innovations-in-brass-northeast-ohio,Innovations in Brass: Northeast Ohio,2022-07-02T04:00:00.000Z,"Kent, OH",2022,16,3
2022-cavalcade-of-brass,Cavalcade of Brass,2022-07-03T04:00:00.000Z,"Lisle, IL",2022,18,4
2022-rotary-music-festival,Rotary Music Festival,2022-07-03T04:00:00.000Z,"Cedarburg, WI",2022,18,4
2022-the-beanpot,The Beanpot,2022-07-03T04:00:00.000Z,"Lynn, MA",2022,18,5
2022-midcal-champions-showcase,MidCal Champions Showcase,2022-07-05T04:00:00.000Z,"Fresno, CA",2022,22,9
2022-celebration-in-brass,Celebration in Brass,2022-07-06T04:00:00.000Z,"Ankeny, IA",2022,24,5
2022-dci-dover,DCI Dover,2022-07-06T04:00:00.000Z,"Dover, DE",2022,24,5
2022-summer-music-games-in-cincinnati,Summer Music Games in Cincinnati,2022-07-06T04:00:00.000Z,"Mason, OH",2022,24,3
2022-drums-on-the-ohio,Drums on the Ohio,2022-07-07T04:00:00.000Z,"Evansville, IN",2022,26,4
2022-dci-capital-classic,DCI Capital Classic,2022-07-08T04:00:00.000Z,"Sacramento, CA",2022,28,8
2022-drums-of-fire,Drums of Fire,2022-07-08T04:00:00.000Z,"Camas, WA",2022,28,4
2022-music-on-the-march,Music on the March,2022-07-08T04:00:00.000Z,"Dubuque, IA",2022,28,4
2022-crownbeat,CrownBEAT,2022-07-09T04:00:00.000Z,"Lexington, SC",2022,30,7
2022-seattle-summer-music-games,Seattle Summer Music Games,2022-07-09T04:00:00.000Z,"Renton, WA",2022,30,4
2022-tour-of-champions-northern-illinois,Tour of Champions - Northern Illinois,2022-07-09T04:00:00.000Z,"DeKalb, IL",2022,30,7
2022-dci-west,DCI West,2022-07-10T04:00:00.000Z,"Stanford, CA",2022,32,8
2022-river-city-rhapsody-la-crosse,River City Rhapsody - La Crosse,2022-07-10T04:00:00.000Z,"La Crosse, WI",2022,32,6
2022-drums-along-the-columbia,Drums Along the Columbia,2022-07-11T04:00:00.000Z,"Tri Cities, WA",2022,34,4
2022-dci-boise,DCI Boise,2022-07-12T04:00:00.000Z,"Boise, ID",2022,36,5
2022-drums-across-america-atlanta,Drums Across America - Atlanta,2022-07-12T04:00:00.000Z,"Powder Springs, GA",2022,36,5
2022-the-thunder-of-drums,The Thunder of Drums,2022-07-12T04:00:00.000Z,"Mankato, MN",2022,36,5
2022-corps-encore,Corps Encore,2022-07-13T04:00:00.000Z,"Ogden, UT",2022,38,8
2022-drums-on-the-chippewa,Drums on the Chippewa,2022-07-13T04:00:00.000Z,"Eau Claire, WI",2022,38,6
2022-dci-tupelo,DCI Tupelo,2022-07-14T04:00:00.000Z,"Tupelo, MS",2022,40,5
2022-riverside-open,Riverside Open,2022-07-15T04:00:00.000Z,"Riverside, CA",2022,42,6
2022-dci-memphis,DCI Memphis,2022-07-16T04:00:00.000Z,"Memphis, TN",2022,44,5
2022-drums-along-the-rockies,Drums Along the Rockies,2022-07-16T04:00:00.000Z,"Fort Collins, CO",2022,44,8
2022-gold-showcase,Gold Showcase,2022-07-16T04:00:00.000Z,"Vista, CA",2022,44,7
2022-whitewater-classic,Whitewater Classic,2022-07-16T04:00:00.000Z,"Whitewater, WI",2022,44,5
2022-so-cal-classic,So Cal Classic,2022-07-17T04:00:00.000Z,"Bellflower, CA",2022,46,7
2022-brass-impact,Brass Impact,2022-07-18T04:00:00.000Z,"Olathe, KS",2022,48,6
2022-west-texas-drums,West Texas Drums,2022-07-18T04:00:00.000Z,"Canyon, TX",2022,48,7
2022-dci-broken-arrow,DCI Broken Arrow,2022-07-19T04:00:00.000Z,"Broken Arrow, OK",2022,50,8
2022-dci-austin,DCI Austin,2022-07-21T04:00:00.000Z,"Round Rock, TX",2022,54,8
2022-dci-denton,DCI Denton,2022-07-21T04:00:00.000Z,"Denton, TX",2022,54,10
2022-dci-houston,DCI Houston,2022-07-22T04:00:00.000Z,"Houston, TX",2022,56,7
2022-resound,Resound,2022-07-22T04:00:00.000Z,"Bakersfield, CA",2022,56,5
2022-dci-southwestern-championship,DCI Southwestern Championship,2022-07-23T04:00:00.000Z,"San Antonio, TX",2022,58,20
2022-golden-state-showdown,Golden State Showdown,2022-07-23T04:00:00.000Z,"Fresno, CA",2022,58,6
2022-summer-thunder,Summer Thunder,2022-07-23T04:00:00.000Z,"Sewell, NJ",2022,58,5
2022-dci-new-hampshire,DCI New Hampshire,2022-07-24T04:00:00.000Z,"Nashua, NH",2022,60,4
2022-diablo-valley-classic-pacific-open-class-championship-finals,Diablo Valley Classic Pacific Open Class Championship Finals,2022-07-24T04:00:00.000Z,"Union City, CA",2022,60,6
2022-dci-corpus-christi,DCI Corpus Christi,2022-07-25T04:00:00.000Z,"Corpus Christi, TX",2022,62,5
2022-dci-mesquite,DCI Mesquite,2022-07-25T04:00:00.000Z,"Mesquite, TX",2022,62,9
2022-dci-mckinney,DCI McKinney,2022-07-26T04:00:00.000Z,"McKinney, TX",2022,64,6
2022-dci-little-rock,DCI Little Rock,2022-07-27T04:00:00.000Z,"Little Rock, AR",2022,66,5
2022-dci-southern-mississippi,DCI Southern Mississippi,2022-07-27T04:00:00.000Z,"Hattiesburg, MS",2022,66,6
2022-music-on-the-mountain,Music on the Mountain,2022-07-29T04:00:00.000Z,"Sheffield, PA",2022,70,4
2022-the-masters-of-the-summer-music-games,The Masters of the Summer Music Games,2022-07-29T04:00:00.000Z,"Murfreesboro, TN",2022,70,8
2022-dci-central-illinois,DCI Central Illinois,2022-07-30T04:00:00.000Z,"Normal, IL",2022,72,5
2022-dci-southeastern-championship,DCI Southeastern Championship,2022-07-30T04:00:00.000Z,"Atlanta, GA",2022,72,15
2022-legends-drum-corps-invitational,Legends Drum Corps Invitational,2022-07-30T04:00:00.000Z,"White Lake, MI",2022,72,4
2022-nightbeat,NightBEAT,2022-07-31T04:00:00.000Z,"Winston-Salem, NC",2022,74,11
2022-dci-huntington,DCI Huntington,2022-08-01T04:00:00.000Z,"Huntington, WV",2022,76,6
2022-dci-sun-prairie,DCI Sun Prairie,2022-08-01T04:00:00.000Z,"Sun Prairie, WI",2022,76,7
2022-dci-annapolis,DCI Annapolis,2022-08-02T04:00:00.000Z,"Annapolis, MD",2022,78,8
2022-drums-across-the-smokies,Drums Across the Smokies,2022-08-02T04:00:00.000Z,"Sevierville, TN",2022,78,5
2022-spartan-thunder,Spartan Thunder,2022-08-02T04:00:00.000Z,"Lima, OH",2022,78,5
2022-summer-music-games-of-southwest-virginia,Summer Music Games of Southwest Virginia,2022-08-02T04:00:00.000Z,"Salem, VA",2022,78,4
2022-dci-glassboro,DCI Glassboro,2022-08-03T04:00:00.000Z,"Glassboro, NJ",2022,80,8
2022-march-on,March On!,2022-08-03T04:00:00.000Z,"Apple Valley, MN",2022,80,5
2022-soaring-sounds,Soaring Sounds,2022-08-03T04:00:00.000Z,"Centerville, OH",2022,80,6
2022-dci-eastern-classic-2,DCI Eastern Classic,2022-08-05T04:00:00.000Z,"Allentown, PA",2022,84,9
2022-legends-drum-corps-open,Legends Drum Corps Open,2022-08-05T04:00:00.000Z,"Portage, MI",2022,84,6
2022-tournament-of-drums,Tournament of Drums,2022-08-05T04:00:00.000Z,"Cedar Rapids, IA",2022,84,7
2022-dci-eastern-classic,DCI Eastern Classic,2022-08-06T04:00:00.000Z,"Allentown, PA",2022,86,11
2022-dci-eastern-illinois,DCI Eastern Illinois,2022-08-06T04:00:00.000Z,"Charleston, IL",2022,86,8
2022-shoremen-brass-classic,Shoremen Brass Classic,2022-08-06T04:00:00.000Z,"Avon Lake, OH",2022,86,6
2022-dci-pittsburgh,DCI Pittsburgh,2022-08-07T04:00:00.000Z,"Pittsburgh, PA",2022,88,5
2022-dci-cincinnati,DCI Cincinnati,2022-08-08T04:00:00.000Z,"Cincinnati, OH",2022,90,6
2022-dci-open-class-world-championship-prelims,DCI Open Class World Championship Prelims,2022-08-08T04:00:00.000Z,"Marion, IN",2022,90,14
2022-open-class-world-championship-finals,Open Class World Championship Finals,2022-08-09T04:00:00.000Z,"Marion, IN",2022,92,12
2022-dci-world-championship-prelims,DCI World Championship Prelims,2022-08-11T04:00:00.000Z,"Indianapolis, IN",2022,96,33
2022-dci-world-championship-semifinals,DCI World Championship Semifinals,2022-08-12T04:00:00.000Z,"Indianapolis, IN",2022,98,25
2022-dci-world-championship-finals,DCI World Championship Finals,2022-08-13T04:00:00.000Z,"Indianapolis, IN",2022,100,12
2023-midwest-premiere,Midwest Premiere,2023-06-28T04:00:00.000Z,"Rockford, MI",2023,0,4
2023-dci-central-indiana,DCI Central Indiana,2023-06-30T04:00:00.000Z,"Muncie, IN",2023,4.4444,6
2023-corps-at-the-crest-san-diego,Corps at the Crest - San Diego,2023-07-01T04:00:00.000Z,"Vista, CA",2023,6.6667,10
2023-drums-on-parade,Drums on Parade,2023-07-01T04:00:00.000Z,"Madison, WI",2023,6.6667,5
2023-the-beanpot,The Beanpot,2023-07-01T04:00:00.000Z,"Lynn, MA",2023,6.6667,4
2023-cavalcade-of-brass,Cavalcade of Brass,2023-07-02T04:00:00.000Z,"Lisle, IL",2023,8.8889,6
2023-dci-east-coast-showcase-quincy,DCI East Coast Showcase - Quincy,2023-07-02T04:00:00.000Z,"Quincy, MA",2023,8.8889,4
2023-western-corps-connection,Western Corps Connection,2023-07-02T04:00:00.000Z,"San Bernardino, CA",2023,8.8889,10
2023-drums-across-the-desert,Drums Across the Desert,2023-07-03T04:00:00.000Z,"Mesa, AZ",2023,11.1111,3
2023-rotary-music-festival,Rotary Music Festival,2023-07-03T04:00:00.000Z,"Cedarburg, WI",2023,11.1111,6
2023-summer-music-games-in-cincinnati,Summer Music Games in Cincinnati,2023-07-05T04:00:00.000Z,"Mason, OH",2023,15.5556,5
2023-midcal-champions-showcase,MidCal Champions Showcase,2023-07-07T04:00:00.000Z,"Fresno, CA",2023,20,7
2023-midwest-classic,Midwest Classic,2023-07-07T04:00:00.000Z,"DeKalb, IL",2023,20,9
2023-crownbeat,CrownBEAT,2023-07-08T04:00:00.000Z,"Lexington, SC",2023,22.2222,7
2023-drum-corps-at-the-rose-bowl,Drum Corps at the Rose Bowl,2023-07-08T04:00:00.000Z,"Pasadena, CA",2023,22.2222,9
2023-whitewater-classic,Whitewater Classic,2023-07-08T04:00:00.000Z,"Whitewater, WI",2023,22.2222,11
2023-dci-macon,DCI Macon,2023-07-09T04:00:00.000Z,"Macon, GA",2023,24.4444,7
2023-dci-west,DCI West,2023-07-09T04:00:00.000Z,"Stanford, CA",2023,24.4444,11
2023-river-city-rhapsody-la-crosse,River City Rhapsody - La Crosse,2023-07-09T04:00:00.000Z,"La Crosse, WI",2023,24.4444,8
2023-dci-capital-classic,DCI Capital Classic,2023-07-10T04:00:00.000Z,"Roseville, CA",2023,26.6667,9
2023-drums-across-america,Drums Across America,2023-07-11T04:00:00.000Z,"Douglasville, GA",2023,28.8889,6
2023-resound,Resound,2023-07-11T04:00:00.000Z,"Bakersfield, CA",2023,28.8889,5
2023-the-kiwanis-thunder-of-drums,The Kiwanis Thunder of Drums,2023-07-11T04:00:00.000Z,"Mankato, MN",2023,28.8889,6
2023-celebration-in-brass,Celebration in Brass,2023-07-12T04:00:00.000Z,"Ankeny, IA",2023,31.1111,5
2023-corps-encore,Corps Encore,2023-07-12T04:00:00.000Z,"Salt Lake City, UT",2023,31.1111,7
2023-drums-on-the-chippewa,Drums on the Chippewa,2023-07-12T04:00:00.000Z,"Eau Claire, WI",2023,31.1111,5
2023-dci-tupelo,DCI Tupelo,2023-07-13T04:00:00.000Z,"Tupelo, MS",2023,33.3333,7
2023-drums-along-the-rockies-cheyenne-edition,Drums Along the Rockies - Cheyenne Edition,2023-07-14T04:00:00.000Z,"Cheyenne, WY",2023,35.5556,5
2023-music-on-the-march,Music on the March,2023-07-14T04:00:00.000Z,"Dubuque, IA",2023,35.5556,8
2023-riverside-open,Riverside Open,2023-07-14T04:00:00.000Z,"Riverside, CA",2023,35.5556,6
2023-dci-little-rock,DCI Little Rock,2023-07-15T04:00:00.000Z,"Little Rock, AR",2023,37.7778,7
2023-drums-across-the-river-region,Drums Across the River Region,2023-07-15T04:00:00.000Z,"Wetumpka, AL",2023,37.7778,3
2023-drums-along-the-rockies,Drums Along the Rockies,2023-07-15T04:00:00.000Z,"Fort Collins, CO",2023,37.7778,9
2023-gold-showcase,Gold Showcase,2023-07-15T04:00:00.000Z,"Vista, CA",2023,37.7778,6
2023-show-of-shows,Show of Shows,2023-07-15T04:00:00.000Z,"Rockford, IL",2023,37.7778,8
2023-so-cal-classic,So Cal Classic,2023-07-16T04:00:00.000Z,"Bellflower, CA",2023,40,6
2023-brass-impact,Brass Impact,2023-07-17T04:00:00.000Z,"Olathe, KS",2023,42.2222,6
2023-west-texas-drums,West Texas Drums,2023-07-17T04:00:00.000Z,"Canyon, TX",2023,42.2222,7
2023-dci-abilene,DCI Abilene,2023-07-18T04:00:00.000Z,"Abilene, TX",2023,44.4444,8
2023-dci-broken-arrow,DCI Broken Arrow,2023-07-18T04:00:00.000Z,"Broken Arrow, OK",2023,44.4444,6
2023-dci-austin,DCI Austin,2023-07-20T04:00:00.000Z,"Austin, TX",2023,48.8889,8
2023-dci-denton,DCI Denton,2023-07-20T04:00:00.000Z,"Denton, TX",2023,48.8889,8
2023-dci-houston,DCI Houston,2023-07-21T04:00:00.000Z,"Houston, TX",2023,51.1111,8
2023-white-rose-classic,White Rose Classic,2023-07-21T04:00:00.000Z,"Dover, PA",2023,51.1111,5
2023-dci-southwestern-championship,DCI Southwestern Championship,2023-07-22T04:00:00.000Z,"San Antonio, TX",2023,53.3333,21
2023-summer-thunder,Summer Thunder,2023-07-22T04:00:00.000Z,"Sewell, NJ",2023,53.3333,6
2023-dci-connecticut,DCI Connecticut,2023-07-23T04:00:00.000Z,"Fairfield, CT",2023,55.5556,7
2023-dci-mesquite,DCI Mesquite,2023-07-24T04:00:00.000Z,"Mesquite, TX",2023,57.7778,10
2023-dci-mckinney,DCI McKinney,2023-07-25T04:00:00.000Z,"McKinney, TX",2023,60,7
2023-dci-new-hampshire,DCI New Hampshire,2023-07-25T04:00:00.000Z,"Manchester, NH",2023,60,6
2023-brigadier-s-pageant-of-drums,Brigadier’s Pageant of Drums,2023-07-26T00:00:00.000Z,"Syracuse, NY",2023,62.2222,6
2023-brigadiers-pageant-of-drums,Brigadier's Pageant of Drums,2023-07-26T04:00:00.000Z,"Syracuse, NY",2023,62.2222,6
2023-dci-monroe,DCI Monroe,2023-07-26T04:00:00.000Z,"Monroe, LA",2023,62.2222,7
2023-dci-southern-mississippi,DCI Southern Mississippi,2023-07-26T04:00:00.000Z,"Hattiesburg, MS",2023,62.2222,5
2023-dci-birmingham,DCI Birmingham,2023-07-28T04:00:00.000Z,"Trussville, AL",2023,66.6667,8
2023-the-masters-of-the-summer-music-games,The Masters of the Summer Music Games,2023-07-28T04:00:00.000Z,"Murfreesboro, TN",2023,66.6667,7
2023-beats-in-the-brook,Beats in the Brook,2023-07-29T04:00:00.000Z,"Bellbrook, OH",2023,68.8889,5
2023-dci-southeastern-championship,DCI Southeastern Championship,2023-07-29T04:00:00.000Z,"Atlanta, GA",2023,68.8889,13
2023-nightbeat,NightBEAT,2023-07-30T04:00:00.000Z,"Winston-Salem, NC",2023,71.1111,12
2023-dci-huntington,DCI Huntington,2023-07-31T04:00:00.000Z,"Huntington, WV",2023,73.3333,8
2023-drum-corps-an-american-tradition,Drum Corps: An American Tradition,2023-08-01T04:00:00.000Z,"Annapolis, MD",2023,75.5556,5
2023-drums-across-the-smokies,Drums Across the Smokies,2023-08-01T04:00:00.000Z,"Sevierville, TN",2023,75.5556,6
2023-summer-music-games-of-southwest-virginia,Summer Music Games of Southwest Virginia,2023-08-01T04:00:00.000Z,"Salem, VA",2023,75.5556,5
2023-dci-glassboro,DCI Glassboro,2023-08-02T04:00:00.000Z,"Glassboro, NJ",2023,77.7778,8
2023-march-on,March On!,2023-08-02T04:00:00.000Z,"Apple Valley, MN",2023,77.7778,5
2023-soaring-sounds,Soaring Sounds,2023-08-02T04:00:00.000Z,"Centerville, OH",2023,77.7778,7
2023-dci-east-coast-showcase-lawrence,DCI East Coast Showcase - Lawrence,2023-08-03T04:00:00.000Z,"Lawrence, MA",2023,80,4
2023-dci-eastern-classic,DCI Eastern Classic,2023-08-04T04:00:00.000Z,"Allentown, PA",2023,82.2222,21
2023-drums-in-the-heartland,Drums In the Heartland,2023-08-04T04:00:00.000Z,"Orrville, OH",2023,82.2222,4
2023-tournament-of-drums,Tournament of Drums,2023-08-04T04:00:00.000Z,"Cedar Rapids, IA",2023,82.2222,6
2023-dci-eastern-classic-2,DCI Eastern Classic,2023-08-05T04:00:00.000Z,"Allentown, PA",2023,84.4444,21
2023-dci-eastern-illinois,DCI Eastern Illinois,2023-08-05T04:00:00.000Z,"Charleston, IL",2023,84.4444,6
2023-shoremen-brass-classic,Shoremen Brass Classic,2023-08-05T04:00:00.000Z,"Avon Lake, OH",2023,84.4444,5
2023-dci-pittsburgh,DCI Pittsburgh,2023-08-06T04:00:00.000Z,"Pittsburgh, PA",2023,86.6667,6
2023-dci-cincinnati,DCI Cincinnati,2023-08-07T04:00:00.000Z,"Cincinnati, OH",2023,88.8889,6
2023-dci-open-class-world-championship-prelims,DCI Open Class World Championship Prelims,2023-08-07T04:00:00.000Z,"Marion, IN",2023,88.8889,11
2023-dci-open-class-world-championship-finals,DCI Open Class World Championship Finals,2023-08-08T04:00:00.000Z,"Marion, IN",2023,91.1111,10
2023-dci-world-championship-prelims,DCI World Championship Prelims,2023-08-10T04:00:00.000Z,"Indianapolis, IN",2023,95.5556,32
2023-dci-world-championship-semifinals,DCI World Championship Semifinals,2023-08-11T04:00:00.000Z,"Indianapolis, IN",2023,97.7778,25
2023-dci-world-championship-finals,DCI World Championship Finals,2023-08-12T04:00:00.000Z,"Indianapolis, IN",2023,100,12
2024-midwest-premiere,Midwest Premiere,2024-06-26T04:00:00.000Z,"Rockford, MI",2024,0,5
2024-corps-at-the-crest-student-edition,Corps at the Crest - Student Edition,2024-06-28T04:00:00.000Z,"Walnut, CA",2024,4.4444,9
2024-dci-central-indiana,DCI Central Indiana,2024-06-28T04:00:00.000Z,"Muncie, IN",2024,4.4444,6
2024-barnum-festival-champions-on-parade,Barnum Festival: Champions on Parade,2024-06-29T04:00:00.000Z,"Shelton, CT",2024,6.6667,2
2024-corps-at-the-crest,Corps at the Crest,2024-06-29T04:00:00.000Z,"Walnut, CA",2024,6.6667,9
2024-drums-on-parade,Drums on Parade,2024-06-29T04:00:00.000Z,"Madison, WI",2024,6.6667,4
2024-cavalcade-of-brass,Cavalcade of Brass,2024-06-30T04:00:00.000Z,"Lisle, IL",2024,8.8889,8
2024-western-corps-connection,Western Corps Connection,2024-06-30T04:00:00.000Z,"San Bernardino, CA",2024,8.8889,9
2024-summer-music-games-in-cincinnati,Summer Music Games in Cincinnati,2024-07-02T04:00:00.000Z,"Mason, OH",2024,13.3333,4
2024-rotary-music-festival,Rotary Music Festival,2024-07-03T04:00:00.000Z,"Cedarburg, WI",2024,15.5556,5
2024-midcal-champions-showcase,MidCal Champions Showcase,2024-07-05T04:00:00.000Z,"Clovis, CA",2024,20,5
2024-northwest-youth-music-games-portland,Northwest Youth Music Games Portland,2024-07-05T04:00:00.000Z,"Portland, OR",2024,20,3
2024-show-of-shows,Show of Shows,2024-07-05T04:00:00.000Z,"Rockford, IL",2024,20,6
2024-dci-west,DCI West,2024-07-06T04:00:00.000Z,"Stanford, CA",2024,22.2222,11
2024-northwest-youth-music-games-seattle,Northwest Youth Music Games Seattle,2024-07-06T04:00:00.000Z,"Seattle, WA",2024,22.2222,4
2024-the-whitewater-classic,The Whitewater Classic,2024-07-06T04:00:00.000Z,"Whitewater, WI",2024,22.2222,6
2024-dci-capital-classic,DCI Capital Classic,2024-07-07T04:00:00.000Z,"Sacramento, CA",2024,24.4444,10
2024-river-city-rhapsody,River City Rhapsody,2024-07-07T04:00:00.000Z,"La Crosse, WI",2024,24.4444,6
2024-drums-across-the-smokies,Drums Across the Smokies,2024-07-08T04:00:00.000Z,"Sevierville, TN",2024,26.6667,5
2024-drums-along-the-columbia,Drums Along the Columbia,2024-07-08T04:00:00.000Z,"Kennewick, WA",2024,26.6667,4
2024-drums-across-america,Drums Across America,2024-07-09T04:00:00.000Z,"Newnan, GA",2024,28.8889,5
2024-northwest-youth-music-games-boise,Northwest Youth Music Games Boise,2024-07-09T04:00:00.000Z,"Boise, ID",2024,28.8889,4
2024-the-kiwanis-thunder-of-drums,The Kiwanis Thunder of Drums,2024-07-09T04:00:00.000Z,"Mankato, MN",2024,28.8889,5
2024-corps-encore,Corps Encore,2024-07-10T04:00:00.000Z,"Ogden, UT",2024,31.1111,9
2024-dci-northern-alabama,DCI Northern Alabama,2024-07-11T04:00:00.000Z,"Muscle Shoals, AL",2024,33.3333,5
2024-music-on-the-march,Music on the March,2024-07-11T04:00:00.000Z,"Dubuque, IA",2024,33.3333,6
2024-drums-along-the-rockies-cheyenne-edition,Drums Along the Rockies - Cheyenne Edition,2024-07-12T04:00:00.000Z,"Cheyenne, WY",2024,35.5556,6
2024-riverside-open,Riverside Open,2024-07-12T04:00:00.000Z,"Riverside, CA",2024,35.5556,5
2024-dci-little-rock,DCI Little Rock,2024-07-13T04:00:00.000Z,"Little Rock, AR",2024,37.7778,5
2024-drum-corps-grand-prix,Drum Corps Grand Prix,2024-07-13T04:00:00.000Z,"Clifton, NJ",2024,37.7778,1
2024-drums-along-the-rockies,Drums Along the Rockies,2024-07-13T04:00:00.000Z,"Fort Collins, CO",2024,37.7778,10
2024-gold-showcase,Gold Showcase,2024-07-13T04:00:00.000Z,"Vista, CA",2024,37.7778,5
2024-midwest-classic,Midwest Classic,2024-07-13T04:00:00.000Z,"DeKalb, IL",2024,37.7778,7
2024-celebration-in-brass,Celebration in Brass,2024-07-14T04:00:00.000Z,"Ankeny, IA",2024,40,5
2024-so-cal-classic-open-class-pacific-championship-finals,So Cal Classic: Open Class Pacific Championship Finals,2024-07-14T04:00:00.000Z,"Cerritos, CA",2024,40,5
2024-brass-impact,Brass Impact,2024-07-15T04:00:00.000Z,"Olathe, KS",2024,42.2222,5
2024-west-texas-drums,West Texas Drums,2024-07-15T04:00:00.000Z,"Canyon, TX",2024,42.2222,6
2024-dci-abilene,DCI Abilene,2024-07-16T04:00:00.000Z,"Abilene, TX",2024,44.4444,7
2024-dci-broken-arrow,DCI Broken Arrow,2024-07-16T04:00:00.000Z,"Broken Arrow, OK",2024,44.4444,7
2024-dci-denton,DCI Denton,2024-07-18T04:00:00.000Z,"Denton, TX",2024,48.8889,8
2024-dci-waco,DCI Waco,2024-07-18T04:00:00.000Z,"Waco, TX",2024,48.8889,8
2024-beats-in-the-brook,Beats in the Brook,2024-07-19T04:00:00.000Z,"Bellbrook, OH",2024,51.1111,3
2024-dci-houston,DCI Houston,2024-07-19T04:00:00.000Z,"Houston, TX",2024,51.1111,8
2024-dci-northern-ohio,DCI Northern Ohio,2024-07-20T04:00:00.000Z,"Brunswick, OH",2024,53.3333,3
2024-dci-southwestern-championship,DCI Southwestern Championship,2024-07-20T04:00:00.000Z,"San Antonio, TX",2024,53.3333,22
2024-the-buccaneer-classic,The Buccaneer Classic,2024-07-20T04:00:00.000Z,"Landisville, PA",2024,53.3333,1
2024-dci-mesquite,DCI Mesquite,2024-07-22T04:00:00.000Z,"Mesquite, TX",2024,57.7778,11
2024-dci-mckinney,DCI McKinney,2024-07-23T04:00:00.000Z,"McKinney, TX",2024,60,8
2024-spartan-syracuse-showdown,Spartan Syracuse Showdown,2024-07-23T04:00:00.000Z,"Syracuse, NY",2024,60,4
2024-dci-monroe,DCI Monroe,2024-07-24T04:00:00.000Z,"Monroe, LA",2024,62.2222,7
2024-dci-birmingham,DCI Birmingham,2024-07-26T04:00:00.000Z,"Birmingham, AL",2024,66.6667,7
2024-the-masters-of-the-summer-music-games,The Masters of the Summer Music Games,2024-07-26T04:00:00.000Z,"Murfreesboro, TN",2024,66.6667,8
2024-white-rose-classic,White Rose Classic,2024-07-26T04:00:00.000Z,"Dover, PA",2024,66.6667,6
2024-dci-southeastern-championship,DCI Southeastern Championship,2024-07-27T04:00:00.000Z,"Atlanta, GA",2024,68.8889,13
2024-music-on-the-mountain,Music on the Mountain,2024-07-27T04:00:00.000Z,"Sheffield, PA",2024,68.8889,6
2024-drums-in-the-heartland,Drums in the Heartland,2024-07-28T04:00:00.000Z,"Orrville, OH",2024,71.1111,5
2024-nightbeat,NightBEAT,2024-07-28T04:00:00.000Z,"Winston-Salem, NC",2024,71.1111,11
2024-dci-delaware,DCI Delaware,2024-07-30T04:00:00.000Z,"Newark, DE",2024,75.5556,7
2024-soaring-sounds,Soaring Sounds,2024-07-30T04:00:00.000Z,"Centerville, OH",2024,75.5556,7
2024-summer-music-games-of-southwest-virginia,Summer Music Games of Southwest Virginia,2024-07-30T04:00:00.000Z,"Salem, VA",2024,75.5556,6
2024-dci-huntington,DCI Huntington,2024-07-31T04:00:00.000Z,"Huntington, WV",2024,77.7778,9
2024-march-on,March On!,2024-07-31T04:00:00.000Z,"Champlin, MN",2024,77.7778,3
2024-dci-east-coast-showcase,DCI East Coast Showcase,2024-08-01T04:00:00.000Z,"Lawrence, MA",2024,80,5
2024-dci-eastern-classic-2,DCI Eastern Classic,2024-08-02T00:00:00.000Z,"Allentown, PA",2024,82.2222,10
2024-dci-eastern-classic,DCI Eastern Classic,2024-08-02T04:00:00.000Z,"Allentown, PA",2024,82.2222,10
2024-tournament-of-drums,Tournament of Drums,2024-08-02T04:00:00.000Z,"Marion, IA",2024,82.2222,4
2024-dci-eastern-illinois,DCI Eastern Illinois,2024-08-03T04:00:00.000Z,"Mattoon, IL",2024,84.4444,4
2024-dci-rochester,DCI Rochester,2024-08-03T04:00:00.000Z,"Rochester, NY",2024,84.4444,6
2024-drums-on-the-ohio,Drums on the Ohio,2024-08-03T04:00:00.000Z,"Evansville, IN",2024,84.4444,5
2024-big-sounds-in-motion,Big Sounds in Motion,2024-08-04T04:00:00.000Z,"Downingtown, PA",2024,86.6667,4
2024-dci-open-class-world-championship-prelims,DCI Open Class World Championship Prelims,2024-08-05T04:00:00.000Z,"Marion, IN",2024,88.8889,10
2024-dci-pittsburgh,DCI Pittsburgh,2024-08-05T04:00:00.000Z,"Pittsburgh, PA",2024,88.8889,6
2024-innovations-in-brass,Innovations In Brass,2024-08-05T04:00:00.000Z,"Canton, OH",2024,88.8889,9
2024-dci-open-class-world-championship-finals,DCI Open Class World Championship Finals,2024-08-06T04:00:00.000Z,"Marion, IN",2024,91.1111,10
2024-dci-world-championship-prelims,DCI World Championship Prelims,2024-08-08T04:00:00.000Z,"Indianapolis, IN",2024,95.5556,31
2024-dci-world-championship-semifinals,DCI World Championship Semifinals,2024-08-09T04:00:00.000Z,"Indianapolis, IN",2024,97.7778,25
2024-dci-world-championship-finals,DCI World Championship Finals,2024-08-10T04:00:00.000Z,"Indianapolis, IN",2024,100,12
2025-barnum-festival-champions-on-parade,Barnum Festival: Champions on Parade,2025-06-28T00:00:00.000Z,"Shelton, CT",2025,0,1
2025-drums-along-the-rockies,Drums Along the Rockies,2025-06-28T00:00:00.000Z,"Fort Collins, CO",2025,0,5
2025-corps-encore,Corps Encore,2025-06-30T00:00:00.000Z,"Ogden, UT",2025,4.7619,5
2025-northwest-youth-music-games-seattle,Northwest Youth Music Games Seattle,2025-07-02T00:00:00.000Z,"Seattle, WA",2025,9.5238,6
2025-rotary-music-festival,Rotary Music Festival,2025-07-02T00:00:00.000Z,"Cedarburg, WI",2025,9.5238,7
2025-northwest-youth-music-games-portland,Northwest Youth Music Games Portland,2025-07-03T00:00:00.000Z,"Portland, OR",2025,11.9048,6
2025-show-of-shows,Show of Shows,2025-07-03T00:00:00.000Z,"Rockford, IL",2025,11.9048,6
2025-crownbeat,CrownBEAT,2025-07-05T00:00:00.000Z,"Lexington, SC",2025,16.6667,4
2025-dci-capital-classic,DCI Capital Classic,2025-07-05T00:00:00.000Z,"Sacramento, CA",2025,16.6667,8
2025-dci-west,DCI West,2025-07-06T00:00:00.000Z,"Stanford, CA",2025,19.0476,12
2025-river-city-rhapsody,River City Rhapsody,2025-07-06T00:00:00.000Z,"La Crosse, WI",2025,19.0476,7
2025-drums-across-the-smokies,Drums Across the Smokies,2025-07-07T00:00:00.000Z,"Sevierville, TN",2025,21.4286,7
2025-drums-across-america,Drums Across America,2025-07-08T00:00:00.000Z,"Newnan, GA",2025,23.8095,6
2025-resound,Resound,2025-07-08T00:00:00.000Z,"Bakersfield, CA",2025,23.8095,4
2025-the-kiwanis-thunder-of-drums,The Kiwanis Thunder of Drums,2025-07-08T00:00:00.000Z,"Mankato, MN",2025,23.8095,6
2025-celebration-in-brass,Celebration in Brass,2025-07-09T00:00:00.000Z,"Ankeny, IA",2025,26.1905,8
2025-gold-showcase,Gold Showcase,2025-07-09T00:00:00.000Z,"Santa Clarita, CA",2025,26.1905,10
2025-western-corps-connection,Western Corps Connection,2025-07-11T00:00:00.000Z,"Walnut, CA",2025,30.9524,13
2025-cavalcade-of-brass,Cavalcade of Brass,2025-07-12T00:00:00.000Z,"Lisle, IL",2025,33.3333,6
2025-dci-little-rock,DCI Little Rock,2025-07-12T00:00:00.000Z,"Little Rock, AR",2025,33.3333,7
2025-drum-corps-at-the-rose-bowl,Drum Corps at the Rose Bowl,2025-07-12T00:00:00.000Z,"Pasadena, CA",2025,33.3333,13
2025-drum-corps-grand-prix,Drum Corps Grand Prix,2025-07-12T00:00:00.000Z,"Clifton, NJ",2025,33.3333,2
2025-drums-across-the-desert,Drums Across the Desert,2025-07-13T00:00:00.000Z,"Mesa, AZ",2025,35.7143,6
2025-so-cal-classic-open-class-pacific-championship-finals,So Cal Classic: Open Class Pacific Championship Finals,2025-07-13T00:00:00.000Z,"Buena Park, CA",2025,35.7143,5
2025-brass-impact,Brass Impact,2025-07-15T00:00:00.000Z,"Olathe, KS",2025,40.4762,8
2025-dci-broken-arrow,DCI Broken Arrow,2025-07-15T00:00:00.000Z,"Broken Arrow, OK",2025,40.4762,7
2025-dci-new-mexico,DCI New Mexico,2025-07-15T00:00:00.000Z,"Albuquerque, NM",2025,40.4762,5
2025-dci-west-texas,DCI West Texas,2025-07-16T00:00:00.000Z,"Canyon, TX",2025,42.8571,4
2025-dci-denton,DCI Denton,2025-07-17T00:00:00.000Z,"Denton, TX",2025,45.2381,8
2025-dci-waco,DCI Waco,2025-07-17T00:00:00.000Z,"Waco, TX",2025,45.2381,6
2025-dci-houston,DCI Houston,2025-07-18T00:00:00.000Z,"Houston, TX",2025,47.619,8
2025-dci-southwestern-championship-2,DCI Southwestern Championship,2025-07-19T00:00:00.000Z,"San Antonio, TX",2025,50,21
2025-march-on,March On!,2025-07-19T00:00:00.000Z,"Champlin, MN",2025,50,3
2025-the-buccaneer-classic,The Buccaneer Classic,2025-07-19T00:00:00.000Z,"Landisville, PA",2025,50,2
2025-dci-dallas,DCI Dallas,2025-07-20T00:00:00.000Z,"Bedford, TX",2025,52.381,11
2025-dci-mckinney,DCI McKinney,2025-07-21T00:00:00.000Z,"McKinney, TX",2025,54.7619,7
2025-beats-in-the-brook,Beats in the Brook,2025-07-22T00:00:00.000Z,"Bellbrook, OH",2025,57.1429,3
2025-dci-st-louis,DCI St. Louis,2025-07-22T00:00:00.000Z,"Belleville, IL",2025,57.1429,8
2025-dci-northern-ohio,DCI Northern Ohio,2025-07-23T00:00:00.000Z,"Brunswick, OH",2025,59.5238,3
2025-drums-on-the-ohio,Drums on the Ohio,2025-07-23T00:00:00.000Z,"Evansville, IN",2025,59.5238,5
2025-dci-birmingham,DCI Birmingham,2025-07-25T00:00:00.000Z,"Birmingham, AL",2025,64.2857,6
2025-dci-nashville,DCI Nashville,2025-07-25T00:00:00.000Z,"Nashville, TN",2025,64.2857,7
2025-drums-on-parade,Drums on Parade,2025-07-25T00:00:00.000Z,"Madison, WI",2025,64.2857,6
2025-white-rose-classic,White Rose Classic,2025-07-25T00:00:00.000Z,"Dover, PA",2025,64.2857,5
2025-dci-southeastern-championship,DCI Southeastern Championship,2025-07-26T00:00:00.000Z,"Atlanta, GA",2025,66.6667,12
2025-midwest-classic,Midwest Classic,2025-07-26T00:00:00.000Z,"DeKalb, IL",2025,66.6667,10
2025-dci-in-motion,DCI in Motion,2025-07-27T00:00:00.000Z,"Norton, OH",2025,69.0476,3
2025-nightbeat,NightBEAT,2025-07-27T00:00:00.000Z,"Winston-Salem, NC",2025,69.0476,13
2025-summer-music-games-in-cincinnati,Summer Music Games in Cincinnati,2025-07-28T00:00:00.000Z,"Mason, OH",2025,71.4286,6
2025-brass-at-the-beach,Brass at the Beach,2025-07-29T00:00:00.000Z,"Myrtle Beach, SC",2025,73.8095,6
2025-dci-delaware,DCI Delaware,2025-07-29T00:00:00.000Z,"Newark, DE",2025,73.8095,6
2025-soaring-sounds,Soaring Sounds,2025-07-29T00:00:00.000Z,"Centerville, OH",2025,73.8095,7
2025-dci-glassboro,DCI Glassboro,2025-07-30T00:00:00.000Z,"Glassboro, NJ",2025,76.1905,6
2025-dci-huntington,DCI Huntington,2025-07-30T00:00:00.000Z,"Huntington, WV",2025,76.1905,8
2025-dci-central-ohio,DCI Central Ohio,2025-07-31T00:00:00.000Z,"Marion, OH",2025,78.5714,7
2025-dci-eastern-classic,DCI Eastern Classic,2025-08-01T00:00:00.000Z,"Allentown, PA",2025,80.9524,11
2025-dci-eastern-classic-2,DCI Eastern Classic,2025-08-02T00:00:00.000Z,"Allentown, PA",2025,83.3333,10
2025-dci-michigan,DCI Michigan,2025-08-02T00:00:00.000Z,"Allendale, MI",2025,83.3333,8
2025-dci-williamsport,DCI Williamsport,2025-08-02T00:00:00.000Z,"Williamsport, PA",2025,83.3333,4
2025-big-sounds-in-motion,Big Sounds in Motion,2025-08-03T00:00:00.000Z,"Downingtown, PA",2025,85.7143,3
2025-dci-lake-erie,DCI Lake Erie,2025-08-04T00:00:00.000Z,"Edinboro, PA",2025,88.0952,6
2025-dci-open-class-world-championship-prelims,DCI Open Class World Championship Prelims,2025-08-04T00:00:00.000Z,"Marion, IN",2025,88.0952,11
2025-dci-pittsburgh,DCI Pittsburgh,2025-08-04T00:00:00.000Z,"Pittsburgh, PA",2025,88.0952,4
2025-innovations-in-brass,Innovations In Brass,2025-08-04T00:00:00.000Z,"Canton, OH",2025,88.0952,10
2025-dci-open-class-world-championship-finals,DCI Open Class World Championship Finals,2025-08-05T00:00:00.000Z,"Marion, IN",2025,90.4762,11
2025-dci-world-championship-prelims,DCI World Championship Prelims,2025-08-07T00:00:00.000Z,"Indianapolis, IN",2025,95.2381,31
2025-dci-world-championship-semifinals,DCI World Championship Semifinals,2025-08-08T00:00:00.000Z,"Indianapolis, IN",2025,97.619,25
2025-dci-world-championship-finals,DCI World Championship Finals,2025-08-09T00:00:00.000Z,"Indianapolis, IN",2025,100,12
2026-barnum-festival-champions-on-parade,Barnum Festival: Champions on Parade,2026-06-27T00:00:00.000Z,"Shelton, CT",2026,2.3256,1
2026-drums-along-the-rockies,Drums Along the Rockies,2026-06-27T00:00:00.000Z,"Fort Collins, CO",2026,2.3256,5
2026-corps-encore,Corps Encore,2026-06-28T00:00:00.000Z,"Ogden, UT",2026,4.6512,4
2026-northwest-youth-music-games-seattle,Northwest Youth Music Games Seattle,2026-06-30T00:00:00.000Z,"Seattle, WA",2026,9.3023,5
2026-drums-across-nebraska,Drums Across Nebraska,2026-07-01T00:00:00.000Z,"Omaha, NE",2026,11.6279,6
2026-northwest-youth-music-games-portland,Northwest Youth Music Games Portland,2026-07-01T00:00:00.000Z,"Portland, OR",2026,11.6279,5
2026-dci-capital-classic,DCI Capital Classic,2026-07-03T00:00:00.000Z,"Sacramento, CA",2026,16.2791,7
2026-dci-west,DCI West,2026-07-05T00:00:00.000Z,"Stanford, CA",2026,20.9302,10
2026-river-city-rhapsody,River City Rhapsody,2026-07-05T00:00:00.000Z,"La Crosse, WI",2026,20.9302,7
2026-drums-across-the-smokies,Drums Across the Smokies,2026-07-07T00:00:00.000Z,"Sevierville, TN",2026,25.5814,4
2026-the-kiwanis-thunder-of-drums,The Kiwanis Thunder of Drums,2026-07-07T00:00:00.000Z,"Mankato, MN",2026,25.5814,6
2026-drums-across-america,Drums Across America,2026-07-08T00:00:00.000Z,"Newnan, GA",2026,27.907,3
2026-dci-northern-alabama,DCI Northern Alabama,2026-07-09T00:00:00.000Z,"Muscle Shoals, AL",2026,30.2326,3
2026-gold-showcase,Gold Showcase,2026-07-09T00:00:00.000Z,"Santa Clarita, CA",2026,30.2326,9
2026-cavalcade-of-brass,Cavalcade of Brass,2026-07-10T00:00:00.000Z,"Lisle, IL",2026,32.5581,5
2026-music-on-the-march,Music on the March,2026-07-10T00:00:00.000Z,"Dubuque, IA",2026,32.5581,7
2026-western-corps-connection,Western Corps Connection,2026-07-10T00:00:00.000Z,"Walnut, CA",2026,32.5581,11
2026-drum-corps-at-the-rose-bowl,Drum Corps at the Rose Bowl,2026-07-11T00:00:00.000Z,"Pasadena, CA",2026,34.8837,11
2026-drum-corps-grand-prix,Drum Corps Grand Prix,2026-07-11T00:00:00.000Z,"Clifton, NJ",2026,34.8837,3
2026-the-whitewater-classic,The Whitewater Classic,2026-07-11T00:00:00.000Z,"Whitewater, WI",2026,34.8837,10
2026-so-cal-classic-open-class-pacific-championship-finals,So Cal Classic: Open Class Pacific Championship Finals,2026-07-12T00:00:00.000Z,"Buena Park, CA",2026,37.2093,5
2026-brass-impact,Brass Impact,2026-07-13T00:00:00.000Z,"Olathe, KS",2026,39.5349,8
2026-dci-broken-arrow,DCI Broken Arrow,2026-07-14T00:00:00.000Z,"Broken Arrow, OK",2026,41.8605,7
2026-dci-hutchinson,DCI Hutchinson,2026-07-14T00:00:00.000Z,"Hutchinson, KS",2026,41.8605,6
2026-dci-new-mexico,DCI New Mexico,2026-07-14T00:00:00.000Z,"Albuquerque, NM",2026,41.8605,5
2026-dci-central-texas,DCI Central Texas,2026-07-16T00:00:00.000Z,"Killeen, TX",2026,46.5116,8
2026-dci-denton,DCI Denton,2026-07-16T00:00:00.000Z,"Denton, TX",2026,46.5116,7
2026-dci-houston,DCI Houston,2026-07-17T00:00:00.000Z,"Houston, TX",2026,48.8372,10
2026-dci-southwestern-championship,DCI Southwestern Championship,2026-07-18T00:00:00.000Z,"San Antonio, TX",2026,51.1628,22
2026-the-buccaneer-classic,The Buccaneer Classic,2026-07-18T00:00:00.000Z,"Landisville, PA",2026,51.1628,2
2026-dci-dallas,DCI Dallas,2026-07-19T00:00:00.000Z,"Bedford, TX",2026,53.4884,10
2026-dci-mckinney,DCI McKinney,2026-07-20T00:00:00.000Z,"McKinney, TX",2026,55.814,6
